page,name,rate,time,IP,favor,comment
1,虎虎生刺,4,2024/1/8 11:05,山东,309,上古《布里奇顿》，几对二代祖哥妹的联姻社交季（从此恐哥妹了……………薅，窝素相柳大人单推、、、檀老师非常好、、
1,影龙者,未知,2024/2/14 4:46,福建,87,弃剧：看到第三集，感觉这剧情和魔幻仙侠设定实在是没法入戏。
1,团小纸,5,2023/7/24 19:49,北京,21967,没什么特别能说的了，也找不到能评价的话了，谢谢檀健次演了相柳，谢谢。
1,Echo,未知,2023/8/2 22:36,日本,48,这个故事设定十分诡异。男一主要负责给女主提供物质保障和生命安全，男二主要负责给女主提供情感价值和陪伴功能，男三主要负责给女主加武力值和空档期解闷…男四主要为了烘托其他几个男人并且最后挂了。看似核心价值描述十分物化里面的女性角色（经常拿来做仕途交换）但实际上，作者本身也十分功能化每一个男性角色，导致了每一个角色行为动机和性格及其所在世界的世界观十分割裂。另外…嗯…这个故事有前传…黄晓明和宋茜演的《上古情歌》
1,几根佩毛,4,2024/1/15 1:01,四川,168,大制作大女主大IP剧。演员都是好演员没拉垮
1,大纠结师,4,2023/7/24 21:08,福建,7904,说出我一直都是一个人的小六好让人心疼，她的家早就在三百年前分崩离析了555
1,Jasmine_长乐,5,2023/8/15 16:28,广东,5265,真的很还原原著啊！张晚意演的玱玹，眼神戏真的很绝！
1,大脸喵,5,2023/8/27 15:16,辽宁,1028,天天在微博抖音刷，为了邓为，还充了一个月腾讯会员。一集不落，从第一集看到最后一集。非常还原小说，一看，编剧就是桐大本人。三大男主都是天选。璟就是太善良了，我希望你永远做清水镇的叶十七。相柳就是太重情意，还没长嘴，为小夭做了那么多事也不说，我更喜欢他做防风邶。表哥是我最不喜欢的，一开始没长眼认不出小夭，后来又看不清璟，如愿当了帝王又贪心想霸占小夭，气死。OST首首经典。丰隆是搞笑担当。杨紫挑剧本眼光没问题，希望你们仨别被王楚然祸祸了。
1,宇文宙,1,2024/2/12 8:29,广东,127,国产剧编剧的地下室之作。别说什么叙事和角色，就连最基本的情节连贯一致都做不到，数数看光是第一集就撕几次书了？国王两个儿子先后死亡，太后亲口盖章确认孙子是唯一男丁。一转场几个不知道哪里冒出来的野孩子居然敢欺负这个王位唯一继承人还骂他是没父没母的孤儿？我替您九族谢谢您嘞！等王孙长大成人，突然又凭空冒出几个没死的王叔争权，把这个唯一的王位继承人送去敌对国做质子？如果编剧你不知道质子是啥意思麻烦看看隔壁封神，虽然很多设定也乱来，但至少人家知道我有两个儿子才能送你一个，如果我只有一个，我也谢谢您嘞！
1,喷火国王小怪兽,4,2023/8/7 18:54,湖北,3557,怀念桐华的克制言情美学杨紫的男转台词太优秀了啃脖子这种。。。能播出来就是nb
1,小天狼星,未知,2024/1/27 2:48,四川,134,这剧蛮没意思的但配角们都挺可爱的阿念赤水丰隆…还有…相柳我的心痛穿了。每个人的付出都能被看见而相柳汹涌的爱意总要披着交易的皮暗无天日，甚至连名字都不能有。满眼闪闪发光的少年郎防风邶就像小夭做的一场关于相柳的梦啊?
1,小飞侠,4,2024/2/24 23:36,湖北,54,四个主角凑不出一个完整的童年，不被是虐打就是囚禁。张晚意的演技挽救了这个角色，其实表哥人设挺差的，原著应该也不是无脑甜文，有些权谋斗争在里面的，心眼太多了，但是张晚意拿捏的度挺好，最起码演出来这个角色不让人十分讨厌；相柳看前面特别不喜欢，情绪不稳定的男朋友，但是后面换成防风邶以后那种微表情眉眼流动把握的很好，檀健次这次真不错，就是个子稍微矮了点；杨紫的演技真没话说，这里面最佳，特别是前10集男装的时候，连台词声线都变了，就是脸填充感太强了……稍微差点的就是邓为了，奈何是官配，其实我还一直挺喜欢涂山璟这个角色的，后期有一些演的不太好；说个很喜欢的配角赤水丰隆那个演员不错
1,叭卦我最懂,4,2023/12/31 16:51,广东,148,最后一天依然是古偶年度最佳女主口中源源不绝的独立女性发言VS行为上两国合一的公主全方位倒贴乡镇镇长已婚有娃儿子的割裂是最尴尬的点除此以外都挺好檀杨张演技担当害，现在古偶不看杨紫还有演技可看吗随意搂了二眼原著，张晚意的演绎给玱玹加分好多至于官配。。。那匪夷所思get不到夭柳的少数，何不看看表哥呢，表哥他爱得多苦！！
1,安獭獭,未知,2024/1/21 6:49,法国,7,第二季是要暑期了是吗？
1,港,4,2024/1/8 23:09,浙江,48,看完想看山海经相柳真好看张晚意也不错
1,平足小怪兽,5,2024/3/3 0:44,广东,27,神还原了书本，选角也完美，算是弥补了云中歌的遗憾了……
1,阿良,5,2024/1/9 15:28,上海,57,炊烟袅袅有你，星光璀璨无你，如果是毛不易自己写的，我愿。。。。可惜，还是只有作者自己才能写出这样的词
1,李湘,5,2023/10/4 16:22,湖南,310,杨紫张晚意檀健次还没出场。第一集的第二场戏就把我看哭了。父亲葬礼上，母亲对玱玹说：娘很想能看到你长大。可娘不能，娘太思念你爹爹了。等你遇到心爱的姑娘时，就会明白。玱玹太惨了，第一集，爸爸妈妈奶奶全死了，青梅竹马还被送走了。
1,Nathanael,4,2023/7/25 18:45,广西,7296,高端的cp往往只需要简单的互动，小六下意识拥抱，十七先是震惊然后默默回味的纯情反应，老司机已经嗑f了hhh。
1,菠椰,2,2023/12/14 18:56,安徽,168,节奏太慢了，还拖拉成两季
2,youyou,5,2023/9/16 15:42,北京,486,好久没看剧了，这个剧给个五星，剧情和尺度把握都不错，1v3的剧情竟然没有让人反感的角色。檀健次和张晚意更出彩些
2,兔子小i,4,2024/3/2 10:33,北京,7,挺好看的，喜欢小狐狸。哥哥和蛇宝宝也不错
2,Lily Chou-Chou,3,2024/1/30 9:41,天津,15,1
2,Jamie Liu,1,2024/4/16 23:40,天津,1,咬脖子是性的暗示吗？这么幼稚的剧情，我也是服了，真是应了那句话，中国最封建的地方就是电视剧里，一群封建卫道士，下药骗孙子，这是什么神仙剧情
2,Zoesun,4,2024/1/14 9:34,安徽,82,站夭柳。
2,正在输入···,4,2023/8/4 17:54,山东,1624,第一集极度不适，从第二集开始慢慢喜欢。三个男主都很帅，但我喜欢的角度不同，檀健次的气质，邓为的容貌，张晚意的气场。
2,sweetbear,3,2024/1/17 13:42,北京,91,制作精良，观感不差，可惜还是脱不了古偶陈腐的价值观。
2,往日之昔,1,2024/5/1 1:19,山西,7,救命，为什么还有剧在为魏晋南北朝招魂……女主喊着独立女性，结果受了情伤还要找男人，不如女配。还有女主的脸彻底不能看了，身材管理也要注意了啊。权谋幼稚不能看，张晚意是真有信念感。
2,Vivian,3,2024/1/5 7:21,上海,260,檀健次第一，邓为第二名，张晚意第三，杨紫还是原地踏步。涂山憬太窝囊，他不行。玱玹意在别处，更适合做兄妹。小夭啥时候能跟相柳双宿双飞？
2,我爱自然醒,4,2024/2/5 21:46,上海,22,以后不用讨论谁古装最帅了。邓为最好看毋庸置疑
2,牙牙,4,2023/10/22 7:22,福建,365,只看了妖柳部分和最后两集，但是不妨碍为妖柳举大旗啊。以前看杨紫的戏是她带飞对手（比如李现），这次难得看到一个男演员比她还吸引人。
2,Matsuoka,2,2023/8/10 12:47,福建,759,摄影，服装，配乐，还可以
2,龙小姐,4,2024/1/27 23:53,新疆,12,前十几集很好看能打八分，后来就俗套了，这个剧全靠剧本和杨紫的演技撑起来的，但是她的脸真的越来越僵了。。七，为啥豆瓣不能半颗星
2,浮游海月,1,2024/1/11 0:08,天津,165,还是从影视区吐槽来的。唉，这么多年过去了，女观众们还是吃这套虐女向的东西。因为女主很惨所以在权力上位的男的们都心痛追悔莫及，也就是以虐待弱者来让强者后悔心疼，于是代入弱者女主的观众们就爽了就高潮了。我真……好在已经有越来越多的女性已经清醒过来批判这种趣味和无意识了。
2,野有蔓草,4,2023/10/15 23:41,河北,1,7.4男装比女装部分剧情好看，后边就是宿命的虐感。
2,凯瑟琳奇异KC,3,2023/8/11 20:35,北京,13,发现当乙女游戏来看还挺有意思的@2023-08-1120:35:06
2,蔕,3,2023/10/1 12:47,湖北,755,前十几集在清水镇还是有些意思的，换回女装之后的故事就回到古偶传统了，官配之间的感情互动也在离开清水镇之后变得表面化，就在等你，退婚，等你，退婚之间反复摩擦，牵扯不断，一个有婚约都没退掉的男人，你跟他拉拉扯扯干嘛，当年那个历尽苦难看透世间百态的玟小六是假的吗。所以说，古偶还是古偶，坚持不住全场啊。全剧最亮点的人物，相柳，前期九命，后期防风邶，这个人物丰满，剧情也有意思，可惜嘴硬心软死要面子，抱不得美人归。蠢男主留给女主，真（心疼）男二留给观众，古早作品诚不欺我
2,润月,4,2024/2/18 9:33,安徽,2,其实并没有看完…
2,momotea_Summer,5,2023/10/4 0:51,江苏,277,不是喜欢的类型，但是观感特别好。多多真的给了相柳生命！
2,L.Y.,4,2023/9/28 8:38,上海,331,改编得不错，特别是选角。杨紫确实扛剧。对涂山狐狸无感。玱玹演得不错。丰隆挺有少年感的，比原著人设好。檀健次太惊艳，夭柳党表示很幸福。只是想到结局，怕是更加意难平了。
3,sea,3,2024/4/29 10:26,上海,3,一开始还算紧凑，看着看着就拉胯了。估计所有的女人都哭着喊着想要嫁相柳吧，我也是。。。但是女主确实是个渣女无疑，挺好，很真实，现实中这样左右盘旋衡量的心态，很正常。谁能想到相柳长成这样，竟然是个十级恋爱脑，难道是太寂寞无聊了？紫没得说，演技到古偶里确实是统治区，但是确实没啥挑战啊，难道一把年纪还一直在古偶里打转？
3,永恒的天瓶水,3,2024/1/7 22:42,意大利,96,人人爱我，我爱人人，这个领域是杨紫的统治区。
3,Josee,5,2024/3/6 16:33,吉林,12,看20集很讨厌涂山璟，像知否知否的齐衡
3,离落,4,2023/9/21 23:40,江苏,157,本以为是大女主的玛丽苏古偶剧。没想到是全世界在亏欠女主。女主很懂事，太懂事，事事为他人考虑牺牲。
3,朴实无华的阳光,3,2024/3/19 22:39,上海,7,“务农”时刷完的电视剧，现代技术和装备让古装造型越来越美，几位演员的表演也很不错。虽然是玛丽苏剧情，但是玛丽苏靠自己还是蛮开挂的。
3,ljslajt,4,2024/5/2 21:50,浙江,2,涂山璟真是最大收获/紫妹一带三传奇之作/其实剧本很x但是紫妹carry成功
3,默尔索,5,2023/8/15 13:46,湖北,7,虽然是一女三男，但是剧情确实不错，桐华的小说好好拍绝对好看，步步惊心当初就是按原著还原的，这剧选角也很成功，杨紫张晚意演技很好，几个高光把我感动的哭了几次，邓为檀健次这俩角色人设很好，王弘毅也帅，以后古偶选角都按这个标准卷起来，还怕不爆吗！
3,岁岁长安,5,2024/4/10 1:33,安徽,4,套着仙侠壳子的落地古装，还是王子与公主，帝王和将军那一套。不过言情味的确正，开头就抛了钩子，钩得人想继续看下去，短短三集，就有小王姬和哥哥对面不相识，玟小六救下身份成迷的叶十七，遇见出场美貌但凶恶毫不手软的相柳，叫人好奇和哥哥何时相认，和叶十七如何发展，相柳又是如何爱上她的。而且演员演技够用，玱玹的隐忍与温柔，涂山璟眼里的爱慕，和相柳明面高冷但偶然流露出的尴尬和无措都让角色活了
3,半透明c,4,2023/8/30 11:00,上海,650,跟相柳在一起吧球球了X﹏X
3,妖怪dodo,3,2023/12/18 20:08,北京,252,张晚意、檀健次。起码会演戏
3,鱼肉,3,2023/8/16 23:25,浙江,184,20集弃，杨紫演技真的很绝，三星给杨紫吧讨厌被爱情困住的"伪大女主"古装仙侠额呃呃呃
3,夜深歌,4,2023/8/29 8:41,上海,284,相柳真的很怕be。
3,开奖进行时,5,2024/2/20 19:37,北京,19,修罗场能打起来的原因就是因为三个男的各有各的贱呀
3,阿菲猫猫,5,2023/9/27 22:46,北京,62,2023-09-27可气，居然还有第二季。这是啥坏习惯
3,arrcmis,3,2023/7/24 20:13,北京,4171,看完4集来评，我只能说剧情挺还原的，跟书里的剧情基本一毛一样，整体还行吧，看的出这部S+确实花钱了，相柳的冰面具太美了，檀健次也是最出挑的那个。杨紫演个男人吧，我只能说还行，不穿女装就比较难评。整体看下来是能看的，但因为我之前看过书，对剧情有个大概了解，就还是觉得一女3男的剧情还是有点劝退。
3,许洎央,2,2023/9/25 18:46,湖南,92,场面很大，演技细腻，中间拉拉扯扯
3,Daisy,3,2024/1/17 19:40,天津,6,前面一大半光调得不好，颜色搭配非常差，剧本打磨比较粗糙。像是资金不足的表现。女主演技还行。女主适合头发全扎上去的造型，一旦放下后面的头发就显得好难看，还好剧组有发现这点，只有中间一两集出现头发放了下来。后面直到结尾都是头发全扎起来的。女主脸也太长了，加上发型把脸拉得更长，完全不如她妹妹好看。剩最后几集的时候，突然画面好起来，颜色也鲜艳多了，明显感觉看着舒服多了。不知道是终于摄影换人了，还是新的资金注入。
3,Amaya,3,2023/9/2 17:48,广西,15,7.2有几场戏导得太差
3,予儿,4,2023/8/28 8:29,上海,118,第二季要等半年，让人意难平～
3,AD钙,3,2023/10/6 18:11,贵州,194,前期我还是很喜欢这部剧的，服道化精致，演员颜值对颜狗也很友好，但这部剧属实高开低走，剧情稀烂，看到涂山璟一直退不了婚还画饼时，就已经嗑不起来了，还有相柳，虽说后期疯狂上分，但前期情绪太不稳定，里面的玱玹也是，几次伤害女主，后期也一直利用小夭来做交易，也让人下头看到三十多集女主醒来涂山璟退婚却得知奶奶要去世时，实在撑不下去了，只想说一句，女主实惨，不行咱别恋爱脑碰男人了，和老木他们留在清水镇也挺好的
4,Chloe??Bangerz,4,2023/8/5 19:04,上海,4385,看之前：杨紫怎么又演这种千篇一律的仙侠。。看之后：妈呀这次不一样不一样啊。。。夭柳磕到哭死啊。。。相柳太好哭了。。。只磕这一对。。。其他两个感觉是亲情更多，但是夭柳一起就是会脸红心跳小鹿乱撞的那种啊。。。对檀健次无感但这次他演的相柳这疯批真的喜欢到不行。。
4,朝颜,4,2023/8/8 18:26,日本,1175,远超我期待
4,董小姐,4,2023/10/4 11:13,辽宁,21,看这部剧的我不敢画眼妆，因为妆花了真的很难看！期待第二季！
4,草木深生,4,2024/4/22 5:43,福建,5,垂直入坑相柳/防风邶
4,???????,4,2023/9/29 12:36,辽宁,19,我还算看的过瘾，但是这只是第一部啊！好烦人！什么时候第二部播出啊？
4,Vanitywish,4,2023/8/28 21:59,上海,0,实在做不进去事的时候想着看部现在的新戏。邓为出场算是眼前一亮，也是整部戏的亮点，表演有感情入戏，可能也比较适合这个人设，但并没有兴趣看他之前的戏。
4,杰克苏爱好者,2,2023/7/27 10:25,北京,28,剧外真的让人很下头
4,白,4,2024/2/12 9:02,北京,14,非要选的话，我还是喜欢涂山璟。
4,浮世·惑,5,2024/1/16 7:52,浙江,16,意难平去追完了小说，还好始终是涂山璟，我站互相救赎，小黄鸭活该孤寡，呸！
4,时光Serene,4,2024/4/1 23:04,北京,8,分别时送你对我最珍贵的九尾狐尾巴，给熟睡的小夭挡好似心中血泪般淌出来的灯油，无论逆境顺境，都怜惜花朵，如怜惜身边人，可惜啊，十五年之约背弃的人却是你自己……涂山璟这个角色本该让人心疼，但是却优柔寡断，总是在等待最好的时机，却被别人一击致命，应了那句“如若违背，凡你所喜，都将成痛，凡你所乐，都将成苦。”用苦衷当理由，也是辜负啊！那两鬓白霜也怨不得旁人！“栀子有栀子的美，风兰有风兰的美。”这句话用在相柳身上也很贴切。我认为他才是本片的灵魂男主！当听到女主说“我害怕你会一不小心进入到我的梦里，”他眼噙热泪，却无奈笑笑，很打动我，而听到女主说“如果你从死斗场里逃出来时，是我救了你那该多好。你可以自由自在不欠任何人的情”，他表面上凉薄，内心情感翻涌，真的是好嗑啊！
4,明明,5,2023/9/9 9:50,广东,148,人设剧情其实就还好，主演们确实将各种心理状态把握到位了，服道化也很优秀能配合剧情，古偶里的五星剧
4,Lily Chou～,2,2024/2/25 17:10,湖北,34,屎一样。。我万万没有想到相柳是最好嗑的一个。。不怎么看国产剧的纯路人，只有檀健次没让我出戏。。。
4,紫霞小姐,3,2024/4/19 12:17,上海,3,就这结尾？
4,山中明日,2,2024/1/6 2:09,北京,53,23暑冠就这？前面期待感其实拉起来了，真假千金+女扮男装+权谋+雄竞，元素叠满，结果一个都没做好。佛了，没想到这么难看，期待了十多集掉马，结果拉了一坨大的。后面的雄竞也是难看得一批，再加上世界观冗余，捏吗权谋就权谋好了非得掺神魔来掩饰幼稚感是吧？就这点东西还絮絮叨叨拉成两季，难看到失眠。结论:远不如22暑期档，以及23暑冠应该给莲花楼。
4,loreleiaaa,5,2023/7/27 15:16,湖北,0,刚看了小六，紫的小六真牛呀，演技爆炸
4,亦行,5,2024/2/3 15:48,安徽,8,在国产剧中脱颖而出
4,Crush,4,2024/3/31 15:08,广东,4,说实话，这是我除了家有儿女第一次看杨紫的剧，亲爱的热爱的没看下去。布景很精致，故事背景很宏大。虽然一开始觉得俩小孩不好看，但是演技把我带进去了。自从杨紫整容之后就一直不喜欢她，不过演技还行。邓为真的宛宛类凡。玄幻剧真好啊，可以大开脑洞，想怎么编都行，现代剧就不行了，总是会代入现实生活来考量。OST好听。女主认亲那里哭麻了啊。张晚意帅啊，我要有角色滤镜了，喜欢这种隐忍的。大结局西炎玱玹赢麻了，感人的爷爷。相柳也不错，爱恨交织，还是白发比较好看，防风邶的黑发看着没那么精致和神化了。叶十七虽有陪伴，但也最懦弱优柔寡断。没想到还有个丰隆哈哈哈哈，也挺好。果然是大女主剧，但是感觉男性角色比女主出色。挺好看的，但是好长，还得等第二季，麻烦。
4,此生未命名,5,2023/9/29 12:26,江苏,347,檀健次可真的太帅了！
4,Imogen,3,2024/1/27 12:43,天津,27,不喜欢男狐狸精
4,莫怀,4,2023/8/31 16:21,陕西,1,居然发现好多独生子女，这是计划生育了吗断线了竟然，赶紧连起来。
5,葵葵甘,4,2024/3/12 3:47,意大利,8,只愿与你长相守。喜欢相柳
5,小步捯饬着,3,2024/2/24 20:41,北京,2,置景不错
5,Sunshine,5,2023/8/26 9:57,辽宁,14,get到张晚意了，太喜欢玱玹了！（这个字太难打了，拼qiang能找到）檀健次的演技一如既往的稳，眼睛会说话，只靠微表情就能展现人物丰富的情感，表演真的很细腻。我觉得小夭对相柳是有心动的。
5,momo,3,2023/8/2 17:31,浙江,766,布景好看其他一般
5,zhdd,5,2024/2/12 19:46,广东,5,好剧。被极其理性、自立自强的女性角色迷倒，再看作者居然是桐华。学生时期看过桐华的《那些回不去的年少时光》，就惊叹桐华怎么把少女暗恋人的心态写得如此细腻。
5,四小溪,3,2024/3/4 22:25,湖北,3,年纪大了是真看不了一点古偶，三男主的人设没有一个能撼动我的老妇心。男主稍好点，隐忍克制，但是听说第二季也疯魔了，瞬间失去了看第二季的兴趣。胜在制作和演员们的演技很牛逼，张晚意yyds。
5,五月.,3,2023/12/31 11:00,北京,21,我愿称之为：乙女电视剧
5,寒  汐,未知,2023/10/20 23:35,江苏,174,十年前看小说我以为我磕的是夭邶，十年后看剧我确定磕的是六柳。这部剧最大的问题在该拍的过程都不拍，拍的都是事后大家的聊天。第一集的小玱玹给表哥加大分，不然直接从清水镇拍得被骂到在罚站墙上抠不下来。敢用同期声的演员就是牛逼，甚至能听到在当下场景空气中的传播感。最后，书粉真的满意相柳，即使在编剧东改一点西删一点的情况下，如果有人能演绎相柳，那除檀健次外想不到第二人。
5,EE,4,2024/2/20 21:46,上海,8,后劲好足改4星‖剧情跌宕起伏撕心裂肺，权谋与情爱融合，但于我而言少了扣动心弦的共鸣感。小夭和涂山璟爱情的建置不充分，我不理解他们的爱情观，痴男虽好，但见过世界的残酷与凉薄，怎会爱一个只退不进、舍不掉原生家庭枷锁的痴人？感觉是剧本的铺垫不够，小夭和表哥的羁绊已经深厚到可以同生共死的地步，处理恋人其实应当再举重若轻一些。论人设，相柳最不适合小夭。但适合我hh，我唯爱藏爱于伤疤、嘴硬心软、孤绝一人的美强惨！檀儿的眼技别太勾人！猎罪图鉴没get到他，这次狠狠爱了！顺便顶锅盖辣评一下男一男二。苍玄人设很饱满我也喜欢，张晚意演技不错适合演权谋，但是为数不多的甜蜜戏演的太夸张，脸丑的很客观hh。为子不动的时候是艳冠群雄的，但是动起来好像ai，全脸全身都是科技感，演技非常违和。至于丰隆，阳光男大但无记忆点。
5,xiaobai,5,2024/4/22 10:19,湖北,4,小狐狸！在韩硕之后入坑的男人又来了。就之前播的时候就追了的，然后现在二刷，居然熬了个大夜一口气看完了，这又是优秀男朋友天花板了吧，高、白、瘦、有钱、情绪稳定、温柔体贴、无条件答应，哇，还会各种茶艺，这谁顶得住啊，当然另外两位也不错，但是轮颜值排序，搞事业的表哥无论如何都在最后。。咋呢，事业不能丢，爱情也不想放，得不到就毁掉，这样的男主除非长得帅哈，否则该死。。总之无脑喜欢
5,小野君oO,4,2023/12/11 15:34,北京,10,前面的几集来看还可以，等待后见吧
5,晴天有时下猪,4,2023/10/21 23:45,湖南,27,女性才懂女性！虽然中间段有点乏，但是依然很精彩，几款不同的男人爱着小6，真的难选…还是最爱白月光时期的叶17……
5,莫等嫌,3,2023/8/24 12:08,广东,133,是一部很合格同时大部分演技OK的片子，虽是仙侠但基本很多故事等同于武侠。有几场打戏做得很漂亮。
5,伯格曼的低诉,4,2024/1/17 14:04,辽宁,40,前十五集清水镇的故事都蛮好看的，后面就是普通偶像剧的套路了。涂山璟后面像个窝囊废一样。还是相柳有魅力啊。
5,锅锅要快乐,3,2024/2/25 1:52,北京,4,清水镇后变回女人的剧情又回归了男人权谋顺便恋爱，女人婚丧嫁娶成为男人挂件的设定……
5,糖醋排骨,4,2023/7/26 15:10,河北,1711,无聊时看看还不错，感觉像初中时看的爽文，置景道具下功夫了，特效不行但是懂得扬长避短，三个男角色颜值很高，内娱颜值盛宴。
5,莹航,3,2024/4/25 10:17,山东,0,6
5,可可,3,2024/2/1 0:29,黑龙江,1,等不来第二季我怕是就把第一季剧情给忘了男主的声音太像另一部我很爱的剧的男主了头一次发现声音像的惊到
5,瞧天r,3,2023/9/24 16:07,广东,53,想看张晚意演的璟?
5,feeling,4,2023/10/1 16:42,江苏,55,对涂山璟真的又爱又恨啊，有无数的优点却有一个致命的缺点，要么梅林虐杀同死结束，要么复活HE，怎么后面搞了一个退不了的婚还结婚生子了，真想让苍玹直接刀了他。演员得角色来成就的，之前看的剧里有邓为都没留下深刻的印象，但是这部剧里get了，喜欢的人都有同款小开扇双眼皮，他也很适合古装装造。
6,Niceee,3,2023/9/8 22:27,四川,351,相柳！演得！没话说！
6,猫咪心情,3,2023/8/16 23:07,江苏,227,三星最多给三位男主女主到底在干嘛呢人设矛盾
6,懒羊羊最可爱,2,2023/9/28 15:21,北京,18,Oi，涂山璟人设素我梦中情男吧～今年古偶算能看的了，整体大问题就是故事没有、剧情拖沓。邓为演的我见犹怜hh。
6,糖醋排骨,4,2023/7/26 15:10,河北,1711,无聊时看看还不错，感觉像初中时看的爽文，置景道具下功夫了，特效不行但是懂得扬长避短，三个男角色颜值很高，内娱颜值盛宴。
6,スピカ,3,2023/8/16 2:09,上海,4,喜欢玱玹，赶快上权谋线吧
6,浮游海月,1,2024/1/11 0:08,天津,165,还是从影视区吐槽来的。唉，这么多年过去了，女观众们还是吃这套虐女向的东西。因为女主很惨所以在权力上位的男的们都心痛追悔莫及，也就是以虐待弱者来让强者后悔心疼，于是代入弱者女主的观众们就爽了就高潮了。我真……好在已经有越来越多的女性已经清醒过来批判这种趣味和无意识了。
6,Sunshine,5,2023/8/26 9:57,辽宁,14,get到张晚意了，太喜欢玱玹了！（这个字太难打了，拼qiang能找到）檀健次的演技一如既往的稳，眼睛会说话，只靠微表情就能展现人物丰富的情感，表演真的很细腻。我觉得小夭对相柳是有心动的。
6,zhdd,5,2024/2/12 19:46,广东,5,好剧。被极其理性、自立自强的女性角色迷倒，再看作者居然是桐华。学生时期看过桐华的《那些回不去的年少时光》，就惊叹桐华怎么把少女暗恋人的心态写得如此细腻。
6,feeling,4,2023/10/1 16:42,江苏,55,对涂山璟真的又爱又恨啊，有无数的优点却有一个致命的缺点，要么梅林虐杀同死结束，要么复活HE，怎么后面搞了一个退不了的婚还结婚生子了，真想让苍玹直接刀了他。演员得角色来成就的，之前看的剧里有邓为都没留下深刻的印象，但是这部剧里get了，喜欢的人都有同款小开扇双眼皮，他也很适合古装装造。
6,xiaobai,5,2024/4/22 10:19,湖北,4,小狐狸！在韩硕之后入坑的男人又来了。就之前播的时候就追了的，然后现在二刷，居然熬了个大夜一口气看完了，这又是优秀男朋友天花板了吧，高、白、瘦、有钱、情绪稳定、温柔体贴、无条件答应，哇，还会各种茶艺，这谁顶得住啊，当然另外两位也不错，但是轮颜值排序，搞事业的表哥无论如何都在最后。。咋呢，事业不能丢，爱情也不想放，得不到就毁掉，这样的男主除非长得帅哈，否则该死。。总之无脑喜欢
6,?,4,2024/3/16 17:02,安徽,1,继东宫后看过最好看的古偶各方面都非常非常好
6,一大朵,3,2024/2/5 13:27,重庆,20,相柳竟然不是男一，弃。
6,Amenemu,4,2024/3/7 21:46,上海,10,除了开头设定太多，后期因为几位主演的演技和不算太离谱的剧情发展还是挺好看的。第一次看檀健次演戏，好伟大的相柳?（
6,吴京直肠倒模,4,2024/2/18 21:33,浙江,14,4星全给清水镇，其他的都是些啥啊.....又拖又纠结，然后请问邓为是在演一根木头吗？
6,柚子,2,2024/1/21 0:58,浙江,23,朋友安利的一定要我看看结果：实在很难看低成本古偶剧看到二十集实在受不了弃了一分钟都不想多浪费时间了
6,goldlya,3,2023/8/25 13:52,湖北,21,下饭剧。这种慢调调的讲故事的方法挺特别的，配乐很细腻，也很熟悉，就很古的感觉，就是有的演员演的不细腻
6,Sù,4,2024/4/4 22:20,江苏,3,选角贴切，演技精湛，制作精良，清水镇原来是耗费数月搭建而成，布景精致入微。一直到兄妹相认，之前的愤懑不满才有所改观，剧情太虐。“喜乐不尽兴，悲忧不尽情”，小夭的人生观深有共情，不忍泪目。但多角恋的纠葛实在不堪如此拖泥带水。热切期待第二季小夭真正站起来！
6,momo,3,2023/9/20 14:55,北京,100,出了清水镇女主就强行降智了，越长大越觉得桐华的书内核虐女
6,大狐狸,4,2023/8/15 3:10,重庆,1,没人会不爱忠犬狗狗！拍得很好，感情渐入佳境。杨紫演技好。后面剧情无聊了点，套路化。三男一女随时修罗场。我爱小狐狸?为小狐狸打五星！！！！！“姐姐”“是你的吻甜”“好”啊啊啊啊啊啊啊简直了好久没这么狂热地实时追剧了梅林戏没拍好?剪辑和配乐的问题。这个时候不加回忆挤观众的眼泪在干啥呢？权谋很弱…其实苍玄做的一切只是要通过爷爷的考验。但他确实适合做国君。张晚意演技好，人也很好。我可怜的小狐狸?我可怜的小夭?相柳也挺可怜…唉。关于这部剧看过很多解说和分析，情感很细腻，人物心理有据可依。弱在情节的推动老套生硬节奏慢。
6,水蜜桃汽水,4,2023/8/27 10:48,湖北,249,该说不说，紫的演技确实可以。
7,达野风,2,2023/9/23 14:19,北京,25,东拉西扯到底讲什么？？？
7,Eliane,3,2023/8/4 17:18,黑龙江,488,如果这个身份不能陪你，那就换个身份来爱你，夭柳我哭死
7,南山南酱,未知,2023/12/12 17:11,北京,2,把背景改成现代简直过于狗血老套。
7,Echooo,5,2023/8/24 9:33,江苏,1891,我就站相柳。
7,西梅小苑子,5,2024/4/24 16:38,浙江,3,相柳天蝎涂山璟双鱼也太典型了
7,兔子,4,2024/1/5 15:36,北京,34,两分给檀健次，演太好了！官配磕不起来，随便一个男配都好过男主啊。。。。男装部分挺好看的，换女装后剧情开始做作。防风邶（相柳）太爱了，虽然口是心非的傲娇和内心的自卑让他错失女主。
7,天降奇财,4,2024/3/2 19:07,黑龙江,3,古代的神仙和现代的人相比，除了寿命长一些，其他都比较落后，没有手机也没有医疗美容科，有事时也不能及时通知看完了，挺好看
7,安和桥伴奏,4,2023/8/4 17:22,湖北,767,那些爱过的证据，在相认的时候都成为了刺，夭玹太有宿命感了
7,加特林小水滴,4,2024/4/21 4:34,辽宁,1,我觉得还挺好看的，我一般不乐意看这种扯淡的剧，但是我觉得看了看，还行，布景什么还挺不错的
7,晶辰莹星,3,2024/4/2 19:29,河南,1,好虐但大方的给了三个现实中见不到的深情依然是童话
7,吴钩子,4,2023/12/14 1:05,美国,47,每日一问，小夭为什么不爱相柳
7,Gold Snow,4,2024/1/20 14:41,北京,18,作为大女主兼玄幻言情剧，如何判断四位男主的轻重份量？不是表面的卿卿我我，也不是旁人所见的戚戚相依，而是灵魂深处的共鸣，跨越生死的陪伴，执手赏圆月，并肩游海底，共种情人蛊，陪练射箭术，独立共成长，无奈长相思。相柳的爱，深沉又高级。
7,幼稚园新童鞋,4,2023/8/11 22:27,上海,1389,夭柳党，意难平。
7,奇锅,5,2023/9/28 6:07,德国,23,好看好磕
7,税控AT,4,2024/2/27 22:07,吉林,4,还不错，能看进去
7,Rachel,4,2024/2/2 16:51,江苏,4,虽然总体还可以，但是还是对所有男主都爱女主爱得死去活来的剧情欣赏无能
7,阳朱,3,2023/8/7 14:20,北京,886,E9。开篇漫长的狗血前史（表兄妹、两个人家长陆续惨死，临死都向小孩托孤让“互相照顾”），成年后仿佛一女n男的rpg恋爱游戏。女扮男装成药剂师的女主，救了家世显赫的重伤男狐；制药技能引起男三敌国大妖将军注意，要求定期提供毒药，以及吸血服务；男一表哥忍辱负重四处寻找女主，也在小镇落脚，却为了替身妹妹伤害女主…三个男的轮番出场和女主或虐或甜。三种cp模式，颇不讲武德（表兄妹-真假美人鱼or黑白天鹅；九头妖-吸血鬼式危险情人；狐妖-狐狸报恩+忠诚男仆）。好处是女主成年后人设有点意思且一以贯之（estp，现实、满不在乎），几个男主也算有机联系，代表不同国家势力杀来杀去，让女主难做人。选角拖后腿：表哥需要极深的自咎却找了气质轻慢的演员；九头妖需要高大却找了矮子。
7,迷离君·°?,3,2024/1/5 1:56,江苏,1,后面变low了
7,桃支,5,2023/10/23 22:32,福建,63,先说结论，感情戏真的处处名场面，权谋部分弱的很儿戏。相柳太绝，危险又迷人，和小夭的那种互相吸引，宿命般的拉扯感太戳我，那头白发也是点睛之笔。叶十七也很好，非常好，善良温柔又包容体贴，所以当他被世俗束缚成涂山璟，他的挣扎和无力更让人揪心了。两个男人都很好，小夭不可以左拥右抱吗？！骨科我还是有点不行，哥哥是好哥哥，就是一直需要小夭保护，太不争气！
7,黑岩funky,5,2024/2/6 21:27,北京,32,感谢檀哥演了相柳。从此我是相柳的追随者，檀哥的炭火。感谢2023年的相遇～
8,这个手刹不太灵,5,2023/8/6 16:40,广西,4927,太爱九命相柳了檀健次演技好好！我好爱！
8,T、S,3,2023/8/3 10:27,吉林,9,因为我是看过小说的，杨紫变回小夭剧情就越来越不好看了。张晚意没看出啥亮点，相柳演的还行，代露娃还行，邓为演技差点意思，前期叶十七很好。变回涂山璟演技直接灾难式大崩。整体高开低走，后面真差点弃剧了，特效十分歹毒，钱哪去了？为了省经费把烈阳和阿獙这俩神兽删了！太难受了，神话改编没有跟山海经靠边的概设特效，水龙头流血创飞我了，高能梅林场面也假得不可思议。
8,林帛,4,2023/10/2 15:01,上海,18,其实还是几男都爱我的老套路。但，不得不说，在这真情稀缺的年代，叶十七这样的男设，依旧能一个老阿姨嘴角上扬。我们其实都跟小夭一样，什么都知道、也会自己扛。但如果遇到这样的人，依旧会无法抗拒。这是人性，最真切的对温暖依恋信任的渴求。不过如果真的要写大女主剧，还是应该让涂山璟后面也不再一味等待，他也会离开。就像小六说的，没有人会一直等待。这才是，这个年代人心最真实的样貌：）我貌似太狠了点。算了，还是让十七陪着小六吧。
8,笙笙。,4,2024/1/9 19:49,浙江,14,炎黄之争、诸神之战、戎马倥偬、逐鹿中原，宏大的上古神话史作叙事背景，就决定了《曾许诺》与《长相思》不可能是二流小说。可喜的看到剧版做到了完全地的还原，哪怕最为夭柳党也被张晚意的演技折服，他是当之无愧的男主，因为虽然女主有三条感情线，但整部剧却是已黑帝登上皇位一统天下为背景的。为相柳心痛十几年，看了剧更加心痛，“天上鹣鲽不独飞，水中鸳鸯会双死”，爱极必伤，情深不寿，相柳是真正践行了阿珩说的“如不守诺何必许诺”。过了十多年终于渐渐懂了，小夭和他正如小夭父母，是注定无法在一起的，这就是极致的BE美学。
8,拜见冥王,3,2023/8/27 15:57,北京,34,前18集有意思，关于因爱而生的错误，相当于猫妈妈的毒奶。小幺的“不要等待”论也蛮符合当下人的思维：不去爱，就不会有伤害。人物关系是复杂的，立体的，就问哪个男主能像张晚意这般又正直又招人恨？18集后又是庙堂阴谋腹黑论那套，落入俗套。
8,坂本枏一,5,2023/7/25 2:53,河南,3704,牛掰死了，头一次看到编剧手里这么不值钱的女主。三个男主真的都很疯p，好久都没过好奇过一个剧后面该咋演了，希望上下季一定得连播啊
8,青苹果,4,2024/1/17 19:13,,15,荡气回肠，女性感情的三个层次，最高境界，也许是相柳的，那就注定不能完美
8,Alphaeus,4,2023/8/8 14:13,上海,1633,被多方安利看了一眼，入坑……哇，杨紫真的是旺男主，每对cp都好磕～～～三位男演员，演技在线，气质出众，个性鲜明，太难得了……
8,渔舟唱晚,1,2024/4/11 11:54,河北,56,又是一个丑女配三个帅哥，心疼男演员，对着一张硅胶脸怎么下得了嘴
8,栗子李,3,2023/8/31 10:45,安徽,36,刚看的时候觉得很还原，但是吧，它好像把每个观众都当成了读过原著深知剧情的书粉，各种剧情走马观花一样匆匆一瞥，太轻描淡写了，那些深刻的情感就显得很奇怪还是很不喜欢涂山璟。当年看书，一直当表哥是路人配角哈哈哈哈，相柳我也当无竞争力男配的，那时候年纪小，哪知道除了男女主还能这么嗑
8,王一雕,3,2023/8/27 15:02,浙江,240,看过b站的相柳cut以后垂直入坑檀健次！
8,每天都要喝牛奶,3,2024/1/9 19:06,四川,4,越往後看越心累
8,才下眉头,4,2024/2/12 18:39,美国,11,在人声鼎沸时，想必相柳已习惯一个人落寞。礼花声中，向我的孤勇英雄敬上一杯，去他的道德礼法、功名富贵！世人皆爱慕虚荣，而世间最孤寂加我一人，陪你到尽头。
8,Winterm?rchen,4,2024/1/10 0:09,北京,16,十年前的小说粉延迟打卡，小夭认错母亲的场景真是神还原，赚足了我的眼泪。确实get到了杨紫的演技，同时感谢这部剧让我pick了张晚意和檀健次！玱玹真的要感谢张晚意，如果不是他来演，不知道会被骂的多惨，而晚意确实能顶得住特写大镜头，丰富的眼神戏一下子就把玱玹的内心交代了，戳人心窝子，更别提那台词和声音了，圈粉妥妥的。相柳就不说了，原著中最爱的人物，感谢檀健次演活了相柳和防风邶。整部剧比书写的视角好很多，唯一不足的是有些大场面的戏明显导演功力不足没hold住。还有实在讨厌防风意映的那些戏。。。
8,岚小壹时光琐碎,5,2023/8/24 10:35,湖北,926,啊啊啊啊啊啊我的宝宝蛇啊啊啊啊啊我的宝宝邶！！！！！！！！！！！！！紫妹一拖三能力不是盖的，前期演男生我也想不出还有哪个小花能演的比他好，这部戏我终于get到檀健次了，相柳人物属性加成再加上檀健次那会说话的眼睛，真的有好好琢磨人物进行好的演技尝试，成就了相柳也成就了檀健次！！！美强惨谁不爱啊！！！
8,多丽多丽,4,2023/11/2 20:28,广东,5,能把这部剧看完全凭几位演员撑着，其实这部剧剧情挺水的，罗里吧嗦很冗长。ps.檀健次的相柳扮相还挺吸睛！
8,OREO,5,2023/9/21 23:06,北京,19,看上瘾了
8,高筱筱,5,2023/7/31 11:10,北京,2705,邓为，张晚意，檀健次古装真的太可！！！
8,晚风云意,5,2023/8/29 16:02,吉林,283,涂山璟太迷人了吧
8,智盎,4,2023/7/28 11:04,广东,2032,我璟不像其他男主专搞事业，只想纯纯当个小娇七，守在小六身边，他就像是老天赐给小六的礼物，永远不离不弃，相伴相依
9,七號風球,3,2023/8/24 9:48,贵州,30,破命运的谜语
9,有志者事竟成,4,2023/12/30 21:48,江西,5,重过程的剧，很精彩。
9,未琢 ?,2,2024/2/26 22:49,辽宁,9,一女四男，玛丽苏古偶，前期太虐，毒点太多了，相柳拧巴的点让人反感，恋爱线太多了，价值观乱七八糟，真是狗血加反人类了。
9,Sally,4,2023/10/11 10:48,美国,27,这部剧作为一部古偶拍得很不错。故事性和人物塑造都很成功。甚至这部剧还引发了大量关于爱情和女性价值的讨论，对本来很肤浅表面的立意略有提升。杨紫没有让我失望。表演自然无痕，在搞笑和搞哭方面太有天赋了！三位男主也个个出彩。每一位都有可爱可恨可怜可气之处，是编剧把女性对男性的所有幻想期冀的浓缩。必须要提的是这部剧颜值严重超标，演技也都在线，故而想不爱上任何一人全身而退可不容易呢。
9,灵溪,5,2023/8/29 13:13,北京,193,整个夏天日日追剧的沉溺的感受遥远得像是上一辈子，虽然是四男一女，古早偶像剧的配置，但演出了正剧的深度，人总觉得一切感情不过是某种爱情的变体，其实人的复杂程度超乎人的想象，把各种感情都矮化为爱情不过是偷懒和浅薄罢了。道尽人的复杂是一切文艺作品的使命，我想长相思似乎摸对了门，而且女主身上让我看到了慈悲的力量，纵然获得这种力量首先要经历非人的痛苦，但也应该获得最纯粹的感情。
9,Domy,3,2023/10/7 21:09,四川,5,左右横跳啊。
9,不知秋,4,2024/1/11 20:48,广东,4,邓为好帅啊！！！！
9,momo,5,2024/2/25 20:36,黑龙江,3,目前清水镇部分是我最爱的part玟小六相柳玱玹丰隆都不错阿念蓐收也很好之后回归大王姬部分也就是防风邶那一part喜欢看一些等第二季上线中
9,楽无,3,2024/5/1 21:39,河北,0,奶头乐
9,叶心,4,2023/8/18 13:08,四川,390,看过小说后再来看剧，对于选角和剧情都很满意，尤其是对相柳，看小说就觉得其实真正意难平和长相思的人是小夭对相柳，其实开始我也不理解夭柳的感情，后来慢慢明白，是因为他们有相似的成长经历，而相柳又深知二人立场不同，注定只会如同小夭父母一样没有结果，所以宁愿默默守护，并时不时展现自己残忍的一面，就是为了时不时推开对方。看完对相柳多了许多的心疼
9,树上,4,2023/8/4 19:53,安徽,0,更新：半年后开始倍速补剩下的剧情，演得很好啊，把桐华最擅长写的情意演绎到位了，人设剧情还原原著很难得，这年头不魔改已是烧高香，镜双城你欠我的拿什么还！———以前对曾许诺比较喜爱但没看完长相思。只看了两集就不打分了。就第一集的回忆部分而言，很尊重曾许诺，也选用了我最有印象的昌意葬礼高潮剧情。对嫘祖和阿珩的演员没有意见，但是感觉过于温柔。昌仆演得很好，倒进墓里让人想哭。昌意虽然没出现，也改了名字，但是想到他就心痛，还有青阳……葬礼场面与我记忆中想象场景不一样，太小了，也弱化了紧张感和冲击性，但小朋友和演员不错。配乐尤其是颛顼长大后思念小夭的bgm很好听。缺点就是节奏太慢了，一直在渲染气氛，有时候可以在一个镜头里呈现的信息分成了好几个镜头，老感觉差口气。
9,momo,2,2024/1/18 12:52,广东,8,比同类片好一点，如果它们都有一星，那么这部有一点点演技和一点点逻辑的该有两星。虽然都是老桥段经典虐恋
9,luckyjinx,5,2024/4/23 11:38,北京,4,上头。但是！忍不住看了书的结局，感觉不敢看第二季了，生活已经够苦了，编剧能不能放过观众，求求别写死，都长长嘴吧?最钟意相柳，第二是哥哥（因为哥哥女人实在太多），邓为也很仙，单纯觉得角色差了点男友力。就算不和女主在一起，真的希望三个都能有好结局，见不得任何一个伤心啊?
9,斋生,5,2023/7/24 19:44,新疆,6488,小说成精！感谢紫姐！感谢剧组！
9,MissMo,4,2024/1/26 13:59,上海,4,这部剧更多的是遗憾带来的可惜，所以4星鼓励。遗憾邓为呈现的形象气质都很贴涂山璟，不富裕的演技却让官配线以及其他线（主要是夭玹）都有不同程度的崩塌；遗憾剧本（原著小说）先天不足，浪费了紫檀晚的演技，甚至是演技拯救了部分剧情的不自洽；遗憾导演的镜头和剪辑能力实在是欠缺，很多花絮里看着很不错的表演，被后期整得不伦不类，导演对演员的调教和剧本解读也很一般（我觉得涂山璟演偏了，跟导演现场说戏跑偏很有关系。本身演员演技就不足，你还不好好调教。只注重撒糖忽略人物身份逻辑，太小家子气）。更别提特效，如果是《步步》的导演+《香蜜》的特效，效果会更好一些。不敢太期待第二季，但还是可惜演员和大制作了。
9,Iris Cedar,4,2023/8/16 0:49,河南,0,第一季还不错，邓为就是涂山璟小狐狸，感谢杨紫张晚意把复杂的小夭和哥哥演的有血有肉，也更理解他们了。其他就算了。
9,风雷,3,2024/3/24 20:29,北京,0,画面没的说，演员们基本都演技在线。就是这以女主为首的稀碎的行为逻辑是咋个回事……一看作者哦……再一看小说年份……哦…………
9,lanay茶茶,4,2023/7/30 20:46,天津,1682,看杨紫演的戏总是能让人共情邓为害羞的样子好可爱
9,小玄,3,2023/8/29 16:04,广东,33,看过鹤唳华亭，玱玹的声音跟萧定权的好像啊，已经被这个嗓音迷倒了
9,HANASOSO,2,2023/9/29 20:51,四川,14,2023.9.25-9.28
10,tempremental,3,2024/4/30 13:46,加拿大,1,看了11集了，女主还是个男的?但是变回女的之后的夭璟官配很好磕，涂山璟太会了一直疯狂情话输出…骨科嗑不到一点，苍玄前期对女主真的一塌糊涂啊。夭柳在船上那段有嗑到，不过感觉就是止于暧昧了，两人都不想向前跨一步
10,小呀嘛小匆匆,4,2024/1/5 7:42,英国,7,看了3次终于在第三次的时候看进去了看进去以后就停不下来了||男主们没一个好东西||颜值每个都在线养眼所以电视节目确实是需要这些俊男美女啊
10,小蕾,3,2024/2/3 9:24,泰国,1,不知道为什么豆瓣评分那么高我觉得就是一个女人和四个男人的故事而且爱的都稍有些奇怪表哥的爱在古代是可以结婚的在剧里后面演绎的就是不能成婚璟那么聪明还不能和小夭联手斗掉防风意映？再说小夭是王姬他家应该巴不得要和皇家联姻至于那个相柳采用吸血恐吓的那种交流方式我真是接受不了不管他多么付出生命心头血之类的救小夭总之有点别扭的情感戏但里面的情感纠葛和兄妹怎么互相帮助救赎倒是挺说的过去的
10,我改名字了,5,2023/8/22 12:51,北京,467,其实快进了很多，有些台词也很尴尬，但我真的好喜欢好喜欢涂山璟啊！！！！好久没有这么喜欢一个角色了呜呜呜，小狐狸，小茶狐，小乖乖，我可太爱了！！就冲涂山璟这个角色也得给五星
10,fairyta,5,2023/12/12 15:03,俄罗斯,27,谁爱谁其实很明显。如果你很用力很克制都还是害怕一个人会人梦，只能说你的心早已为他所动了。依靠给予安全感的人也是一种喜欢。但是那是经过大脑的理智选择，不是下意识的情不自禁。小夭爱相柳，对十七只是喜欢。小夭不想毁诺，因为自己在玉山苦苦等待哥哥去接自己。哥哥没有遵守诺言，她很伤心。她只是不想十七变成另一个自己。因爱生怖。害怕相柳。因为爱。小夭给了叶十七信任。欢欢喜喜去，却没想到遭到背叛。小夭是知道不要抱期待，只靠自己的。所以信任很难。叶十七的背叛给了她重重一击。她认定是自己看人不准，开始怀疑自己了。再次遇见，心里很难受，却不是爱的留恋，而是自我怀疑自我反思，反思自己怎么会那么迟钝。接吻都能从小白兔变成大灰狼，又怎么不会从楚楚可怜变成致命一击
10,清凉油豪情万丈,4,2023/8/27 12:44,澳大利亚,377,看这部剧最大的收获—认识了檀健次(●ˇ?ˇ●)相柳演得真好
10,小眼睛爱笑眯眯,4,2023/10/1 16:37,浙江,16,没看到过书，第一季看完还没怎么搞清楚什么王什么氏的?剧情好丰富，男主有三个，都好爱女主。一开始最爱温柔善良的小狐狸，不过这退了三十多集还没退掉的婚约真是让人无语。反观九头蛇，爱得好隐忍，虽然觉得跟女主立场不同，一直没敢向女主表白，但是却舍命相救，护其一生周全。而哥哥是随时都在守护妹妹，随时在吃醋，但是又为了自己的称帝大业，不得不把妹妹的幸福当成政治的牺牲品。
10,重返61号公路,4,2024/2/13 14:28,贵州,4,我选赤水丰隆。
10,方青,2,2024/4/4 2:54,上海,5,确实比其他古偶多出一颗星，并不是硬件有多牛逼，而是几位主演演技尚可。杨紫确实是古偶演技天花板，毕竟正剧出来的，加上同行都在瞪眼嘟嘴狂叠滤镜。张晚意檀健次次之，邓为确实被对比拉了。我瞅着这剧也别拼大女主赛道了，直接整个现实主义择婿教学，里边仨男的典型的一塌糊涂，一个不聪明的狐狸，一条有生殖隔离的蛇，一个是不做人的人。女主角的人设明明挺有看头的，既具备嘲讽能力又能完成从男性到女性的转换，可惜也浪费的差不多了，后期变成传统型女主角后人物魅力直线下降，变得絮絮叨叨乏善可陈。现在回想一下，感觉确实没什么带劲的古偶啊，琅琊榜是权谋，知否算宅斗，古偶到底逃脱不了偶像剧的原罪了
10,橘次郎的夏天,4,2023/7/25 16:49,北京,2014,剧组审美在线的，三个男主气质一眼就能辨认出来。
10,十一块小饼干,2,2024/3/23 22:42,广东,4,这三个男的都不行啊一个优柔寡断只会一张嘴说一个闷头付出不会沟通情绪不稳定一个骨科要搞事业还得搞其他女的来者不拒。杨紫演技在小花中很好，但是长得还是太科技不自然，不适合演玛丽苏，求求不要再演仙女了。
10,宇宙火机,3,2024/2/4 0:58,四川,0,这剧情像被夺了舍，怀疑中段之后有灵魂主创提前拿到尾款连夜打包跑路
10,chole蛮,3,2023/8/16 22:25,北京,0,7导演韩式静态审美，分镜、机位、打光都有不足，大场景调度差，撮而小国的审美没法承接国产剧的恢弘叙事。实景很难找吗？部分特效土且五毛，多处段落设计一般，后期壕但审美不足缺少想象力。扣分。演员抬剧，同期声台词功底俱佳，清水镇建新如旧烟火气浓！苍玄爱江山做寡人，夭玹家国大事权谋，但演纨绔总像是要舍身取义；璟绿茶嘴炮大师，夭璟囿于小情小爱红袖添香抚琴饮啄，璟接不住戏张力不足，不像是曾惊才绝艳的青丘公子，丰隆肖之都不像有国家大事的智慧；相柳立绘饱满敏感孤僻隐忍克制，温柔是携夭遨游海阔天空市井风情制最毒的药教最精妙的箭术，相同的性格底色，对世人世事有相同的悲悯与洞悉，对手戏张力十足。可他终究是相柳不是邶，不愿用情义束缚夭，然背负一切之人如何一争岁月静好，可惜可叹。夭的对照组，第一选择亦不是夭
10,离我远一点儿,5,2023/12/11 13:38,北京,37,扛夭柳大旗等着第二季！注定BE但就是爱邶比???
10,伊依然然,3,2023/12/13 16:23,陕西,32,除了和相柳的戏份比较好看其他的基本都是快进看完的看完最后一集发现结束的很突兀没想到还有第二季怪不得了
10,七月,3,2024/2/15 2:29,江苏,0,三星半
10,文ちゃん,4,2024/2/11 11:47,山西,3,不以爱的名义利用小夭坚定地站在小夭身后怕也只有涂山璟了
10,kinkin,5,2024/1/31 22:23,山东,20,为相柳疯狂打call，爱而不得最戳我，明明小夭也对他动心可是就是不能在一起，太让人心碎了。甘愿种下情蛊，说着最毒的话，却做着最柔软的事，相柳终成我的意难平。涂山璟一直在卖可怜，这个演员也没长在我的审美点上，有点像肖战，另外他背后的一大堆烂摊子，什么奶奶，未婚妻，哥哥，看到就心烦；玱玹则是太充满算计的一张脸，总有点心狠手辣的感觉，还多次利用小夭，加上张晚意说话有点用力过猛的感觉，演的痕迹有点重。还是抵不住檀健次的桃花眼，他明明在笑，心里却在哭?，一直陪小夭，救她，惺惺相惜，多希望他们能无拘无束浪迹天涯。最后，小猴紫仍然非常可爱，总是莫名就被她感染，眼泪也不受控制流下来了。第二季啥时候播，提前剧透了不满意啊！相柳别死啊！
10,爱学习的锦鲤,3,2023/12/30 22:28,山东,2,杨紫，始终这种感觉
10,吴白五,3,2023/10/13 12:58,吉林,50,能理解为啥女主选择涂山璟，但就是不喜欢这类男主。
11,momo,4,2023/10/11 0:15,重庆,19,整体对原著的呈现不错的，有加分。张晚意的玱玹和邓为的璟都是惊喜，本来是两个原著中不太讨好的角色，反而成了亮点。
11,呦呦鹿鸣,3,2023/10/12 9:06,江西,26,没意思，拧巴
11,洒春茶,4,2023/8/27 15:35,瑞典,97,各位主演的演技实在没话说的紫的演技让我想去看一下香蜜如何
11,二郎腿毛,3,2023/8/22 11:34,浙江,66,又是前面精彩后面疲软
11,超人,5,2024/3/18 12:17,海南,0,这么高密度的抒情简直已经有了吸毒质感。但是不得不说，能把这么高密度的抒情控制得这么细腻丰富，还是让人很佩服的。明明可以过把瘾就死的一次看完，因为这个莫名其妙的新规必须卡在中间，跟躺在ICU一样难受，服了。
11,晒兜/shadow,3,2023/10/4 0:44,浙江,46,相柳设定太绝了。演员也抓住了机会。
11,Mungdei,5,2023/8/12 21:33,湖北,1157,夭玹be是宿命，he不了一点，以后玱玹只能像他爷爷一样一个人吃年夜饭。一个人长相思了。二搭吧，就当夭玹下辈子在一起了。想了很久还是给了五星，缺点真的很多，导演配乐真的不够格，腾讯你是不是在捧新人导演啊？但是这是杨紫和张晚意的哥妹啊！以后有没有二搭很难说QAQ杨紫二搭的男演员好少，所以我只能珍惜还有什么办法？？？?腾讯组个民国本子给他们搭啊！！！
11,秋,4,2024/4/1 20:40,江苏,4,之前觉得就是是可以而已。毕竟紫妹就是稳定发挥而已。但是从与凤行过来，觉得这部一对比可就太好看了。
11,insanity ver.,3,2024/2/22 13:20,浙江,3,艰难看完……某狐没演技演贝，太拉垮，后段和女主对手戏全程拉进度条，真的要疯
11,SASO,4,2023/12/14 3:34,北京,17,俩科班主演原声太加分了
11,仙儿,4,2023/10/16 1:18,北京,7,很成熟的古偶制作，爆款不是没有理由的～
11,吐槽狂人叔本华,1,2023/10/18 0:10,广东,454,真心希望女性自尊自爱自信自强，而不是妄图通过被男性爱上，并自毁来获得被爱的精神胜利。
11,武东飞啊…,2,2024/3/12 19:28,北京,6,我看了个啥？古偶越来越为了虐了虐……
11,稻垛,3,2024/4/9 13:23,北京,0,很喜欢蚊小六部分，后面有些无聊
11,叮咚～,5,2024/4/7 10:45,河北,7,为檀健次的演技高分！
11,折璃,3,2023/10/1 9:54,广西,6,第一季差两集没看完……这个剧的宫斗水平就是没有水平，女主男身的时候好看，换回女装纠结于三个没用男人以后就不行了，对，三个男的都不行，希望女主独美……
11,沙漠的小螃蟹,4,2024/1/22 22:30,云南,5,古偶里的高配吧。四个男性角色都很帅气且各有风格，除了两个略生涩以外，另两个演技都到位。女主也很好，没有恋爱脑，比较清醒，她知道要帮助男主，也明白与男二无法走下去，干脆不抱幻想选择男三，这样情绪稳定、智商还算在线的女性在国产剧很难得。没装傻白甜，也没夹子音，我很欣赏。
11,月亮很亮很凉,2,2023/9/25 21:24,上海,51,剧情拖沓，追不下去
11,mi,4,2024/2/3 16:44,北京,4,看下去了，还带有三分真心地磕了
11,麦兜卖菠萝油,3,2024/2/15 21:58,安徽,1,我怎么去年暑假看完没标记？杨紫的小夭就是最合适的，演的相当到位，而且看采访她的理解也是非常准确的，她就是书里走出来的小夭。但是剧本改编和场面拍摄配不上演员演技，小夭变回大王姬以后剧情比较拖沓，没什么实质内容，小夭的性格也变得黏黏糊糊的不太讨喜，再有就是很多大场面拍的小里小气，看完感觉就这？？其实三个男主我都不是很满意，邓为的涂山璟演技不太够，檀健次的演技最好，低音炮声线迷人打戏好看，但是剧本的人设远不如书里的相柳有魅力，张晚意的表哥跟杨紫有好几个名场面，但是有时候演技有些呆呆的，就是有点木。ost一开始觉得都有点平一般般看着看着跟有些场景还蛮搭的，毛不易的《有你无你》和张杰的《万物不如你》还挺有氛围感的。还是期待第二部的搞快点吧！
12,沐赟瑶瑶瑶,3,2023/8/26 22:31,江苏,0,高开低走，女主人设问题是没有自己的行动，苍玄线能不能认真搞点权谋。--------看过桐华小说改编两部电视剧下来，发现女主都有个共性就是都没有自己明确要做的事情，乐于思考但在行动上一直处于一个被动接受的位置？不知道女主是否也反映了作者的心理。--------想看entj和intj对手互殴吗？想看entj爱而不得发疯吗？想看intj爱而不得自创吗？想看infj贴身相伴用实力诠释f强势攻心吗？想看entj嫉妒infj的温柔，intj嫉妒entj和entp的同盟，infj嫉妒entp对intj的动心，三人互相乱杀吗？想看intj、entj和infj众星捧月宠着entp吗？想看intj想从entj掌控下和infj和怀抱里带走entp却被拒绝吗？entp好日子，尽在《长相思》。
12,1.也不能的陈能,2,2024/1/26 19:51,重庆,15,受不了什么鬼要不是檀健次这部剧完全没法看
12,??,3,2023/9/8 22:36,浙江,14,清水镇的部分最好看，在几个男主间跳来跳去，第二部表哥会上大分吧，狐狸和男大也挺有意思
12,柒宝の全世界?,4,2024/2/1 23:09,湖南,14,看小说喜欢璟，讨厌哥哥，对相柳没啥感觉。看剧，喜欢璟，喜欢相柳，讨厌哥哥～不得不说谈个檀健次的相柳太贴脸了～下半部快点播呀～
12,Bibibibibi,2,2024/3/2 19:28,江苏,5,节奏太拖沓，五毛特效
12,拂晓醉晨光,4,2023/7/24 21:33,北京,1823,这剧最神奇的是几个男主的线捋的都很清楚，每段关系都有非常合理的开始、发现，而且出来一个我磕一个完全不受影响，比我预想的好太多了！
12,伍贰零叁舍长,3,2024/2/29 17:04,广东,3,主角团除了某人都有演技，让我硬是看完了这无语的剧情……
12,奥利奥奶茶,4,2023/8/24 11:30,加拿大,137,好看?第二季什么时候来？杨紫终于把原本的好演技发挥出来了，选剧本选角色真的很重要！张晚意把一个杀伐决断、深情又隐忍的上位者刻画得很动人，这人设换个人演可能会演砸，其他男主人设挺好演得中规中矩吧，期待第二季
12,蛰伏的文子,3,2024/3/3 9:12,上海,3,比较喜欢清水镇的部分，身份回归之后剧情就非常无聊了，只跳着看了小夭和相柳的互动，似乎这样的爱情或者这样的人设有点趣…整体应该也就两星，剧本的锅
12,缘雪,3,2023/10/4 6:57,上海,22,没看过原著。就这仨人设来说，未免落了俗套，把剧情往裹脚布方向带了。相柳本是人设最好的，但后续情感太外露了；璟没了自我，本是痴情表现，但又好像智商欠费；玱玹就是标准爱而不得，从来都不是良配，却又不甘只做哥哥。只能说，打发时间勉强可看吧，但真的剧情太拖了。
12,小砂,3,2023/12/31 19:59,爱尔兰,0,一直羞于标记的一部剧，在朋友家吃饭打了一天麻将看的，神奇的是我们到他们家从十几集开始看起还双倍速度竟然完全不影响剧情理解。长相思的小说（我还看过，好羞耻）本来就足够玛丽苏了配上前司工业糖精的加工，台词能憋到内伤，确实非常影响打麻将体验。不夸张说我朋友老公因为刚好正对电视剧，那天麻将一输三。但是神奇的是比对目前国产偶像剧的水平，这部能看下去就算成功了，目前国产甜宠剧标准真的是二倍速能下饭就还行了。
12,DZeer,4,2024/2/15 16:53,上海,13,不磕夭柳了：）小夭不值得，看着看着再来补一句，我的相柳一定是个T人，明知道没结果的事就连一毛钱希望也不给得了
12,四季花纷落如雨,4,2024/3/9 22:47,北京,6,为相柳来看的！相柳满分！
12,玛吉,5,2023/8/18 9:44,浙江,453,夭柳党
12,jenstylinson,4,2023/7/24 21:21,澳大利亚,3017,审判了四级比香蜜好看是可以说的吗
12,baby愛,4,2024/1/8 13:51,陕西,7,不俗套的剧情，很正的价值观，精湛的演技，温馨的结局，这就够了。
12,momo,2,2024/4/17 14:02,澳大利亚,6,节奏真拖沓两倍速看都嫌慢各种意义不明的凝视和停顿和mv式的画面人物背景全靠嘴交代政治斗争也跟过家家似的（写不出来还硬写）女主角嘴上一直叨叨不要先付出不要为了男人这那的然后一直在为三个男人付出她自己到底为了自己干过啥而且都做神仙了居然还在男尊女卑靠血缘靠姻亲靠裙带关系我也是醉了。。。三个男主两个演技还行另一个像块木头。。就相柳的剧情有点意思能1.5倍速看下去看懂了这是个女主开后宫1v3的玛丽苏故事之后就合理多了反正一切为玛丽苏服务就是了可是作为偶像剧里面一个长得好看的人都没有属于偶像剧失格。。。这剧6分不能更多了。。。古偶现在也消费降级了吗
12,安心,4,2024/1/5 22:27,黑龙江,7,7.8/4?这部剧最大的问题是玱玹这个男主略显平庸，剧中浓墨重彩的渲染他对小夭的执着守护，他的政治头脑和对权利的欲望都没有很好的表现，最后给人的感觉就是政治主张恰好与西炎王一致就把王位传他了。相柳直到最后都没有直面对小夭的爱，是从小经历导致他性格使然，我对他始终心疼不起来，真爱她就别咬她！涂山璟虽然有些窝囊，但确是个性塑造最真实的一个。而我真正喜闻乐见的是小夭最后能跟丰隆在一起。
12,湖心婷看雪,5,2024/3/29 23:07,北京,2,高度还原，小狐狸怎么可以这么好看，委屈巴巴
12,羊哩哩,4,2023/10/6 7:53,湖南,22,把官配拍成懦弱的工具人了
13,伯德兰,5,2024/4/30 8:51,云南,2,剧本是真的过硬，演员是真的无可挑剔，构图是真的美，从服道化来看，剧组也是真的有钱。
13,爱吃橙子的妮子,1,2023/9/1 2:47,贵州,2,杨紫的脸越来越僵
13,w西肆,3,2024/1/6 17:41,湖南,1,这是39集长预告吗？
13,太阳糕,5,2023/9/29 4:01,美国,25,骨科真好嗑
13,小嗷,4,2023/8/25 13:39,浙江,421,后面演变为看相柳cut这两天一天到晚看相柳，然后流眼泪。为相柳升星???????三星观望。目前除了第一集，观感不错。檀健次就适合这类装装的角色，比猎罪图鉴里装得好，很自然哈哈哈，一点儿也不油腻。杨紫和邓为痕迹还是有点重。
13,momo,3,2023/12/30 23:06,上海,10,相柳是最dio哒
13,A-ya,4,2023/9/30 20:50,江苏,19,叶十七真是最大的惊喜
13,猫猫不吃小鱼干,4,2024/3/29 18:48,陕西,1,挺好，四位男主都很喜欢。
13,山有木兮木有枝,4,2024/2/10 11:00,辽宁,0,如果当时没有莲花楼横空出世，或许这部剧真的能成为特别吸引我的存在吧
13,是°你de大胯,4,2024/1/13 20:43,辽宁,11,看两个帅哥打架真是赏心悦目啊谁规定的男主一定要喜欢女主，正经兄妹不行吗真是没有困难制造困难也不让女主和男二在一起啊(邓为古装很帅啊)至于相柳这人设就是爱而不得的命啊，默默付出伤身又伤心(檀健次演的很好)
13,mouetteO,4,2023/12/12 22:40,北京,11,你和我有过那种东西：本能的、抓不住的、奋不顾身的、背离对人生所有期望的、赤裸存在却无法命名的。我会选择和另一个人在一起，而你会宿命般早早死掉，这是两个不纯粹的人配得上的唯一结局。我会将你忘记，长相思在长相守面前显得那么虚幻可笑。在我最想要的和平里，在我变老的那一年，被我的梦拒之门外的你终会重回我的梦里。
13,芝士猫,5,2024/1/19 9:55,上海,9,永远磕夭璟
13,Sang Chow,5,2023/9/26 23:18,广东,68,赐我一个涂山璟。
13,小小巫,4,2024/4/26 18:15,北京,3,很牛逼
13,陈江菀,3,2023/8/4 0:26,江西,0,邓为演技还不够，又是什么婚约限制感情发展，这剧要是40集演完，绝对更精彩
13,松露果冻,5,2023/8/31 12:35,上海,59,什么时候播第二部！好久没找到喜欢到要去再看一遍小说的程度的电视剧了。狐狸和蛇宝宝都喜欢！
13,失物招领,4,2023/8/13 19:36,广东,779,夭玹我们磕的是爱情吗不是我们磕的是互相扶持磕的是休戚与共磕的是青梅竹马磕的是生死相依磕的是永远的顺位第一磕的是极致be磕的是清醒着沉沦
13,juliana,5,2024/2/13 9:03,上海,4,非原著党，杨紫演技不错，琢磨细节也用心。男一二三四也都不错，看此类剧，要有看剧的觉悟，莫与原著对比，莫考虑家国大义，美否？用力过猛否？甜否？酸否？能让你熬夜想看否？还是忍不住看了原著，感觉剧拍得更立体些。几个主角演技不错，细节，眼神把握到位，经得起细品。期待第二季。
13,懒癌患者,5,2024/2/13 2:04,浙江,18,不是十七不好，是相柳太好了?????
13,未来的春天,5,2023/7/24 19:07,福建,6147,神医玟小六真的很灵动可爱，“久婚不孕我包治，药到病除送子来”这句能成为该剧经典台词天花板。
14,月野达也,4,2024/1/23 5:19,北京,3,还是很还原小说的
14,まるこ?,未知,2023/9/29 8:14,广东,38,中途磕不下去官配了一路奔着柳去了，然后被发展成了檀健次的下线……
14,纳米光年,5,2023/8/6 16:36,浙江,2236,檀健次好帅啊
14,小星星,3,2024/4/16 21:54,广东,8,大女主剧，结果女主一直在被推着走。
14,Medea_Medusa,4,2023/8/27 11:04,江苏,41,只是淑芬，不抱任何期待进来，但却完全超出预期……果然只要认真照原著拍，就真的很可以，应该是原作者介入的力量……不得不承认，杨紫虽然外形不优秀，但有她自己的优势，就是她肯放下女明星的架子大开大合地演一个流里流气油嘴滑舌的男人，还演起来得心应手，也算本色出演了哈，基本上和角色融为一体。相柳和璟都不错，玱玹有点拉胯。豆瓣评分跟我心理7.5评分基本一致。
14,橙子,3,2023/9/26 9:21,福建,8,绿幕剧，看的那叫一个难受。还是年轻人喜欢的剧，老人家硬撑着看完。
14,云淡风轻鸢飞扬,5,2023/8/15 20:42,上海,1,原著小说我看了三四遍，第一遍被相柳感动，第二遍看到了玱玹的爱而不得和隐忍，第三遍明白了为什么小夭选择了文中笔墨似乎不多但却似乎无处不在的涂山璟，第四遍则是理解所有人的选择和命运。作为原著党，本来是以乐子人心态去审判，却意外发现了邓为涂山璟。看剧前都不认识邓为，还担心他演不好这么白月光的角色，片花看着眉眼清秀，眼睛亮晶晶还挺像小狐狸的，开播后一下子被惊艳到，他是活生生的纸片人涂山璟，却也突破了我的想象（娇、美、忠犬、眼睛会爱人、破碎感、温和又坚定…），我想象不到还会有谁能饰演出这么多重魅力的涂山璟。戏外的他也温柔谦逊、彬彬有礼，跟涂山璟的人生轨迹有重合，对人物的理解精准且言之有物，让人共情～呜呜呜，赚了我好多眼泪。很看好邓为，出道不到三年的新人，能够做到尊重理解角色，尽可能还原纸片人，未来可期
14,过春天,3,2023/9/3 12:05,北京,27,前面比后面好看很多，后面剧情实在太磨叽了，女主人设也多少有点崩
14,山中人兮芳杜若_,5,2024/1/23 22:09,辽宁,7,4.5/5剧情紧凑饱满，妆造布景精致有美感，全员演技在线，各个角色选角很成功，难得所有的演员都合乎眼缘。中途忍不住看了一点点桐华的原著小说，剧版的台词几乎完美还原。几个男配的感情都刻画的细致入微，特别好，期待第二季！
14,淞樰,2,2024/1/16 0:35,湖北,27,又不是美女还总演绝色的神女仙女，尴尬！演员应有的演技也只有粉丝一直吹的天上有地上无的。
14,MORE,5,2023/8/11 0:29,广东,13,五星致敬檀健次
14,金鱼,4,2023/10/2 0:47,上海,13,突然懂了玱玹的心思和小夭的狠我愿成为帝王的妹妹，有丰隆这样的朋友，有着相柳的男友，娶回璟这样的人
14,exit2000,3,2023/8/3 23:32,日本,0,大家各自找回身份后的服道好拉垮啊，怎么变回了神仙反而还不如人了，感觉都演得挺用力的。（檀健次凭演技给自己做了医美
14,无名,4,2024/1/23 12:24,浙江,21,四星全给相柳
14,艺术家一礼拜了,5,2023/8/28 15:55,北京,39,整个过程就很莫名其妙……先嗑夭璟，又入坑夭柳，最后爱上了玱玹，成了张晚意唯粉！现在追张晚意一切作品，他演戏为什么这么让人喜欢？？
14,^^,4,2023/8/4 17:16,河南,823,目前没得挑…非常好
14,Si,5,2023/8/17 9:47,湖南,507,杨紫就是质量的保证??
14,一凡一凡,4,2024/2/28 12:20,北京,3,相柳！
14,金小酒要快乐,4,2024/3/10 0:53,广东,2,本来看到太多营销不想看，后面看了剪辑觉得不错，就追了，结果一看就上头，不过第一季这个结局戛然而止是认真的吗？最喜欢夭柳，相柳的爱是自愿引情蛊上身，是心尖血，是触碰又收回的手，是陪你赏月也陪你入海，也是被小夭突然拥抱时还未隐藏脸上的惊愕和爱意
14,软软,2,2024/2/1 14:26,江西,5,好狗血
15,isaasi,3,2023/12/11 20:45,荷兰,3,这里边的心理构架反射出的是大部分女性强烈的不安全感吧，如果这个作品卖得好，只能说明普遍的年轻女孩子对感情认知很不健康，又或者说，这种价值观的传递和接受会导致不健康的两性关系
15,经冬复历春,3,2023/8/25 12:39,湖南,42,看之前：大女主与四个舔狗的故事。看之后：相柳帅气有演技，涂山璟做我的忠犬小狗吧。
15,丸,5,2024/3/28 2:09,上海,5,紫妹都可以一拖三了檀健次的坚持不容易张晚意太惊喜了邓为就很茶
15,Bornwind,3,2023/10/3 10:26,北京,21,1坚定不移地奉行夭柳原则，2杨紫张晚意檀健次绝了，3有什么必要拍40集嘛！！拖拖沓沓
15,pricessbridget,2,2023/10/4 9:00,湖北,24,假期看剧。总结来说就是消磨时间的下饭偶像剧。配乐、布景、演员都一副煞有介事的模样，但是剧情、角色设定、人物关系都不可避免的俗气、陈旧而乏味可陈。杨紫、檀健次演技可以的。
15,肥玉仔,5,2024/1/2 22:49,天津,7,紫妹真的是90花的优秀代表佳作频出青簪行一定也是很好的剧可恶的吴某三个男主虽然都是小夭生命中非常有份量的存在，但是玱玹是亲情，相柳是有过心动的相知玩伴，只有璟是想要相守的归宿啊。
15,Ginkgo,4,2024/4/20 16:13,湖北,1,兄妹情、爱情、蓝颜知己，还有罕见的特别拎的清的女主，有文化内涵的原著/编剧，剧情不低幼，全员颜值在线，拉高古偶水平；涂山璟的角色太弱了，像男宠；恋爱戏我确实甜到了；丰隆的角色包括演员都贴合30集后的节奏慢了。期待第二部。
15,安吉,5,2023/7/24 19:41,山东,4300,终于有个能看下去的仙侠剧了，谁懂啊！！
15,女文青张大民,3,2023/9/26 10:11,上海,2,甜妹真的甜
15,木紫,4,2023/8/27 12:23,北京,22,画面唯美，男主们各有魅力也各有缺点，故事背景好，挺伤的
15,淡淡的兔子,3,2023/7/30 9:23,上海,143,剧情不错
15,ぺ 紊乱,5,2023/8/6 16:45,江苏,1809,哥哥一统天下，老公战死沙场，我和我的狗安度余生。
15,雨中笠,4,2023/7/24 20:15,陕西,2019,赢在了脸上这里边男的一个比一个帅被张晚意帅晕
15,snowden,4,2023/8/16 23:55,美国,38,最近难得可以从头看到底的剧。期待第二部
15,非非,4,2024/1/8 2:12,江苏,12,相柳这个角色真的是完成度非常高。以及，这部起码几个主演都是演技在线的
15,糖糖糖糖,5,2024/2/15 19:15,广东,35,除了邓为的演技时不时掉线，其他的三位主演都把纸片人演活了
15,another_world,4,2024/4/27 13:34,上海,1,可能年纪大了，蛮喜欢叶十七的
15,龙龙卷,5,2024/3/25 15:29,安徽,2,太强了，杨紫
15,桃仁活血,3,2023/10/1 23:30,浙江,6,第三十六集！桐华你是江郎才尽，没有别的梗可以写了吗？？？？这都2023年了，你还整这死出，这种烂梗也能突然给我出现…………拳头硬了没人吐槽第三十六集吗？？？
15,天恢雪,5,2023/8/2 23:13,澳大利亚,776,好看，帅哥养眼，剧情揪心。节奏还行。
16,毛颖,5,2023/9/24 15:59,北京,20,还不错?
16,被夹的蕾封葛格,3,2023/9/30 17:26,北京,4,各种虐，一直虐，导演有瘾？
16,橡皮鸟,1,2024/2/25 7:42,广东,6,在姐姐家看了几集，这啥玩意，还有杨紫别演了，这演得比六年前的香蜜还差
16,骑猪_追奔驰、,1,2024/1/2 16:43,湖南,82,被安利来的浪费时间果然好剧要看缘分越到后来越乱七八糟一地鸡毛慢的死还毫无逻辑性没任何欲望追下去离开清水镇越来越磨叽7.8分有多水无效段落一大把没有颠荡起伏的推进剧情台词也水宁安如梦论台词剧情梗都比这货好太多都是6.8分豆瓣现在也这么水了天璟感情线也单薄又单一女主又撩又立渣女人设一星都嫌多24集弃不敢想象还有勇气追加拍第二季第三集OMG
16,亲爱的雷拉,3,2023/9/14 22:18,云南,0,就只有相柳吸引人一点
16,MOMO,4,2024/2/3 16:18,河南,4,制作精良，很好看，为子确实还是有几分姿色的，我承认以前对你声音大了点。
16,碎碎念大王,5,2023/8/22 11:33,四川,119,上周四追完的，然后沉迷至今，可想这个剧带给观众的力度
16,琥珀,3,2023/8/8 16:56,湖北,201,20221103相柳看上去不错，到时候可以瞅瞅cut。20230808出来当天就看完了更新的那几集，因为太好奇就看完了长相思这本小说，前面写得很不错，由桑甜引发出的那段话也很好，三个男主也看得出是精心塑造的，算三种经典款吧，对应感情纠葛也写得比较极致，但是，女主她做成了个啥呢？她开头说的无力自保无人相依无处可去，结果居然是相柳成全的，还成了个相柳爱情的闪光点？那这女主呢？她主动为避免这三件事做了什么呢？看完小说，就没兴趣继续看电视剧了。
16,忘殤淺寞,5,2023/8/27 14:08,福建,102,第一部从选角开始的胚胎追剧，看完第一季应该说没有让人失望，至少这部剧的服化道才当得起所谓的s+清水镇是剧组自己搭建的，单这一点已经吊打了很多抠图剧了，剧情还原度来说也基本算是抠书。但它也有不足，毕竟是小说改编的，到电视剧里整体节奏就有点过快了，特别是玱玹的权谋戏，被删减了一部分之后就显得有点儿戏，没有体现出他的睿智和帝王之心。还有几个大场面的节奏和角度不太好，比如禺疆刺杀玱玹的那段预告和花絮看的我爆哭，但正片就没那么震撼，梅林刺杀的虐心程度也不够。但总体来说靠杨紫和张晚意把整部剧拉高了一个等级，那种同命相连的命运羁绊，互为对方第一顺位的相互保护都被两位演的非常到位！这部剧的眼泪基本都是为他们而流，到后期的爱而不得让人更加期待第二季。
16,jackie,4,2024/3/24 10:34,吉林,2,这片就是有些重口。
16,Hayley.y,4,2023/9/25 22:45,北京,16,邓为真帅
16,momo,5,2023/7/27 16:48,黑龙江,3,防风邶小夭很配笑点是表哥给的相柳，在第八集领军训练和预告吸蛊虫的场景里，让我觉得悲伤，希望他们在剧里有一段相爱的剧情
16,恶魔的笛声,4,2023/12/31 23:25,广东,6,一女拖四男，无一良配，绝了！苍玄的夺权之路相当儿戏；开口闭口神族几百年，其实都是人间玩剩下的把戏……看来看去，只有服化道还过得去。
16,Sanagi,4,2024/2/5 14:01,黑龙江,3,13集打折腿14集青艾糕，get到张晚意演技！前14集每一组cp都有拉扯和可能，叶十七塑造的比涂山璟好。后面的走向玟小六坚硬如石头的心呢，怎么15集轻易相认了。看到最后发现，相柳没死呢啊，怎么全网感觉都哭丧……
16,今天吃肉了吗？,5,2023/8/28 8:18,湖南,153,相柳我哭死
16,月彻夜不灭,4,2023/8/16 10:53,四川,460,邓为终于被人看到了，看遇龙的时候就发现他好帅！！！
16,春娇,5,2023/10/16 20:49,上海,30,唉呀我C，太会拍了那！暗夜爬行的表哥，纯情的璟，令人心疼的相柳和防风邶，一妻多夫就好了
16,豆角,5,2023/7/31 12:29,浙江,1255,目前来说还原度很不错，杨紫演的不错，檀健次、老木还有好多演员都不错，另外两个男主稍差点味道有点可惜，不过也期待接下来的剧情。
16,哔哟哔,3,2023/9/26 8:44,北京,6,制作真好（有钱），杨紫旺搭档体质已经升级到一次带飞三个了
16,松小果,4,2023/8/20 17:24,四川,451,谁懂爱相柳罢了。。剧情是越来越难看但檀健次演技太好多一颗星都给他！
17,游龙踏雪,3,2023/9/24 4:40,法国,17,在角色成长上很花心思的一部戏可以感受到服化道以及所有演员的用心特别感谢他们找了檀健次来演相柳演得很棒的一个角色张晚意的玱玹也是完全立住了的邓为的狐狸就差了点杨紫的小六小夭都不错不过杨紫也是老了呀很多名场面但最可惜的是剧情吧基本到二十几集之后就开始比较难捱了桐华这种所有男人围着同一个女主转的剧本真的是扶额...小夭和小六的性格也不免自相矛盾之处唉希望能有更多好剧本值得我们的剧组和演员们吧爱相柳！
17,Cho,5,2023/8/25 12:15,四川,112,难得见到如此清醒的大女主，大家演技都很在线，期待第二季！
17,诗曦儿,5,2023/7/31 12:16,北京,1169,全员演技在线，还原原著，小演员们演技也很好
17,xboboan,1,2024/3/26 2:53,江苏,91,女主可怕的硅胶脸和肥猪婆身材，比合作男演员都宽。男主一呆若木鸡无存在感，二人山人海演技极差，三只记得搞笑的“喂奶”了
17,郁离,3,2024/4/1 11:18,广东,1,陪老妈刷剧季。断续看。有点别扭，不自然
17,土豆,4,2023/9/28 20:21,上海,2,再美好的爱情都抵不过满地鸡毛，最合适的可能才是能走到最后的，璟虽然真心但却无能，苍玄虽然可以为他死，但是也免不了利用，最后，也行只有相柳没有条件的在爱她，却爱的隐忍爱而不得的遗憾，每次看似无情的交易实际都是为了让小夭不觉得亏欠
17,保命要紧,未知,2024/1/12 14:32,湖南,2,狠狠站夭璟
17,井井有条姐,3,2023/7/31 16:37,北京,243,大制作的布景、镜头、服化道是真美啊。
17,p吉吉?,5,2023/10/23 19:25,安徽,18,邓为邓为！！！！
17,yy1007,3,2024/4/27 11:26,广东,2,看不下去还是比较喜欢看唯一性坚定的选择的小夭我真的看不懂她是喜欢璟还是相柳虽然夭柳我是比较喜欢的
17,贞子不忘挖井人,5,2024/1/17 2:11,湖南,7,我一直都喜欢看脑子有病的男主角，太正常的我会觉得很无趣。果然，这里我最喜欢的是玱玹，人设很丰满，演员演技也给角色加了不少分。
17,petrichor,未知,2024/3/2 21:08,广东,5,表哥相柳张力满满，一到官配就萎了。。。还有一堆意义不明的镜头。。。导演和特效一起抬走吧
17,琉璃仙人,2,2023/10/5 0:09,上海,67,两星全给相柳吧。剧情过于无聊，中途弃。
17,jxxsk,5,2023/11/14 3:20,湖南,8,二刷，永远会为相柳落泪，哭死/不行了，我真的好爱相柳。五颗星里一颗给相柳和檀健次，半颗给张晚意。本来不想看剧的，因为知道结局不是相柳（当年看书的时候发现剧情走向不是夭柳的时候，从来不会看书看一半的我弃了。）看了剧之后，因为张晚意所以一开始就很喜欢仓玄，然后又看到了檀健次演的相柳，又因为角色很喜欢檀健次（他真的演得很好啊，本来没期待的，但是他真的把自己演成了相柳）。但是就是对涂山璟这个角色，无论是书还是剧或是演员，真的一直都无感。最后意识到自己可能内心是带有m属性的，就是喜欢坏男人类型，嘴硬心软的那种。而且回顾自己的感情经历，确实也很喜欢相柳那种养成类男友。相比看《曾许诺》里蚩尤和阿珩的he，九头蛇妖相柳才真的是我心头爱的角色啊。感谢檀健次，成就了最好的相柳！
17,哼亨,4,2023/8/3 13:39,广东,616,剧情线很饱满，一点也不拖沓，全程1倍速追更到最新剧集！
17,kiya,4,2024/2/16 17:51,上海,5,被创飞，四星都给相柳。
17,momo,3,2024/4/11 18:19,上海,0,我喜欢前期汶小六的剧情，杨紫真的演得可以
17,消失的厘子,5,2024/1/2 21:47,北京,4,颠覆对仙侠的印象
17,米 日光の花,4,2023/10/30 23:26,加拿大,34,最喜欢的小说，也是还原度很高的电视剧了，演员都很不错，演的好，喜欢
17,盐,未知,2023/10/25 12:08,山西,11,low君！
18,优米,未知,2024/1/20 0:50,山东,1,静夜这个婢女演的真好哭戏总能带入跟着哭
18,黛玉钓鱼,4,2023/8/9 19:20,浙江,315,这才是古偶应该有的制作，剧情也有意思。
18,十,未知,2024/3/16 13:29,美国,0,Yo循环到三小时剪辑版本继续看下去，放到一半了正在看，电视机叽里呱啦，我就更好不会想多，可以专注疗伤休息
18,crystalwawa,4,2023/10/2 0:09,北京,21,相柳最好!最重要的是原著好看，而作者当了编剧，本子就强。
18,爱的罗曼死,3,2023/9/3 12:27,广东,12,一女多男是吧
18,费雪,1,2024/1/9 18:44,山东,9,一个夭柳党点了踩?
18,二喜xi,2,2024/3/11 21:57,河北,2,除了抖音有些人剪的片段能看
18,incomplete,4,2024/4/11 17:29,上海,2,二刷中极致浪漫
18,三斤不开心,4,2023/9/29 22:52,吉林,14,期待第二部在三个男人之间纠结但是我是夭璟党！！！喜欢?的爱意满满的眼睛青丘公子璟是那样的风光霁月喜欢少年帝王爱而不得只能亲手将爱人推出去西炎沧泫跪着走不到今天喜欢九头相柳永远不能和爱人在阳光之下为赤宸为义气的大将军还有小夭王姬她是那么的害怕孤独害怕被抛下还有像梦一样的清水镇期待第二季说麻了
18,manage,5,2023/8/30 12:51,山东,65,太牛了
18,桂花汤圆,3,2023/9/29 13:02,福建,8,从置景可以看出剧组很有钱。。。干嘛不选个好看的女主。。。杜华好吃藕
18,?差太遠,5,2023/8/30 14:56,广东,116,我上年暑假看过杨紫跟成毅的沉香如屑，今年暑假把他们两个的电视剧都看了都很好看，我朋友一直不太喜欢杨紫说她千篇一律，我说可能你没认真看他的剧，我觉得她辨识度很高的，这个剧每个演员都演到我心上了，虽然我没看原著，但是看这个电视剧是完全进入角色了，他们哭我也哭他们笑我也笑，期待第二季！
18,momo,2,2024/3/9 17:11,美国,4,很想问桐华在哪里能买到女主同款智商返老还童药
18,泰菲亲娘,5,2023/8/26 14:07,广东,67,8错，剧情也行，玩手机有时聚精会神有时，总体还是喜欢看的追下来的。杨紫颜值在线和不在线都有，檀健次高十厘米内鱼嘎嘎乱杀，邓为身材不错，晚意前面没发挥好后面高光挺多。言情部分不错，权谋嗯，反正我没咋看。cg景太假了，晚意跟赤水丰隆那些密谋知己戏码，观众我呀，很出戏，根本没法跟实景氛围比。第二季做好点吧
18,momo,4,2023/8/15 4:12,河南,2,这剧最割裂的地方在于，涂山璟这个运筹帷幄智计无双的角色却被演成了傻白甜。
18,森垚垚?,1,2023/8/11 1:28,上海,7,一背诗经，我就知道是桐华了，也算一种水印了。/认错妈妈那段真的很好哭，就很戳我。后面就真的越看越无趣。
18,袭人,3,2023/8/28 15:26,浙江,1,【3】
18,momo,4,2023/7/28 12:08,辽宁,0,“疼吗”…“不疼”…我哭死
18,天天向上dear,4,2023/11/16 1:07,浙江,1,看了之后很喜欢相柳，被檀健次惊艳了。这家伙竟然是个唱跳歌手出身，说明演戏这件事真是有天赋的，他的眼神表情很是虐人啊！
18,yyyrumex,4,2024/3/6 0:01,日本,4,3.5可能没什么期待所以意外觉着还挺好看的。最喜欢兄妹这条线，之前连张晚意的名字都没听过看完对他印象很深
19,啦啦啦,4,2024/4/16 9:10,辽宁,3,看承欢记播完后腾讯自动播放的长相思没想到这么好看产假在家三天看完早上睁眼看到晚上睡觉邓为挺帅就是演技和杨紫晚意一比略显稚嫩期待第二季
19,糖糖,3,2023/10/6 21:42,四川,20,从最开始喜欢看夭璟，到最后喜欢夭柳，个人觉得，前半段清水镇的时光是最值得看的。相柳真的很不错，又坏又宠的爱，嘴上说着讨厌，心里却担心得要命，磕夭柳。
19,素履可往,4,2024/1/19 14:43,北京,6,整体可以，期待2。张晚意老师的演技真的很会爱人。邓为梨花带雨也很香，檀健次的角色也好带感，就不能都选吗啊啊啊。
19,水水爱喝矿泉水,4,2024/4/9 23:59,四川,0,本来觉得好难看的，竟然看完了！！！还挺期待下一部的，虽然我还是三个男的一个都不喜欢！
19,momomo,4,2024/1/2 0:11,广东,5,小夭太好了呜呜呜，我是男的我也爱，第一次get杨紫，演技自然太能带观众入戏了。——————1v1不香了，最后的胜利是属于all夭党的！！（邓为的帅给涂山璟加分，相柳的帅给檀健次加分??
19,弗洛伊德DE阿基,4,2023/9/9 22:25,北京,67,都喜欢璟，但我偏偏最讨厌他的软弱无能。三个人中他本是最能给小夭幸福的。所谓的那些困难和其他二人相比他算什么？太可笑了。所以女孩子啊，不要看他对你那么温柔那么好就是爱你，要看他怎么做。而玱玹我认为他是最可怜的一个，如果他不是后来的他而是最初的他，那么真没其他两人什么事了。可偏偏命运只能让他用这样的方式爱小夭，太残忍。
19,joj,5,2023/9/11 16:21,江苏,42,期待第二季
19,梦徒,4,2023/10/21 18:22,日本,41,海底护你37年，真感人！
19,陆离,3,2023/10/2 22:02,湖北,2,也是很平庸的一部古偶，而且人物精神世界我也都理解不了……真是过了看古偶的年纪了我?_?
19,夢醬_竹下觀蓮,4,2023/10/4 9:22,新西兰,37,我是夭柳党，相柳真是檀健次遇到的不可多得的好角色了，希望相柳之後檀健次能飛升吧，畢竟他也是我為數不多喜歡的內娛青年演員了
19,GINO,2,2024/1/4 16:16,天津,9,不是我的菜，弃了
19,草莓酱?,5,2024/4/22 21:26,浙江,0,什么叫大女主啊？这才是大女主！杨紫演技太太太好了，简直把书里的小夭抠出来了。没想到张晚意也不错，本来看书的时候get不到玱玹，但剧里最喜欢的居然是男主。小夭明明跟璟，相柳都很有cp感，但是剧版骨科真的狠狠把我拿捏住了。小夭是个很复杂的角色，在外颠沛流离了半生，要演出来的难度很大，但是杨紫演得完完全全就是我看书的时候想象的样子！我想也只有杨紫能演小夭了。还有剧真的很尊重原著，做到了大部分的还原，原著党很喜欢！
19,白甜珍宝金,4,2024/2/4 16:54,山东,3,堂堂王姬两个都要怎么了？？
19,荼荼兔,5,2023/8/3 10:40,北京,990,成年人就是全都要！一会儿嗑叶十七和小六，娇妻文学谁不爱看。一会儿嗑九头妖动不动就吸血，这谁能受得了。哥哥和妹妹这命定的be，一边看一边觉得好虐，再虐一点。杨紫你真的好演技啊！
19,温书而知新,2,2024/2/15 8:32,江苏,9,要不是紫粉，这剧我是真看不下去。设定都能飞了，还用小刀戳来戳去的，从头开始剧情就很毒，殴打女主，背刺女主，让女主出去拉拢人心，特么长的再帅有啥用啊。
19,momo,3,2023/8/15 2:47,浙江,0,太行了这服化道摄影特效......爆款预订，估计暑期档爆剧就这部了。----------呜呜呜呜呜好剧小夭小六相柳防风邶夭柳哭哭--------清水镇后后半略垮冷静下来，这剧。确也挺厕的。
19,天山童姥,3,2023/9/26 10:07,北京,5,前面在清水镇不错，后面的拉扯俗套了。
19,Yol,未知,2024/2/3 4:57,法国,1,相柳这个角色蛮好的狐狸这种确实适合结婚朋友说这不就是男性思维吗哈哈哈
19,Loki,3,2024/4/21 5:54,山东,2,忘了标我真的欣赏不来
19,懒懒,3,2023/10/3 5:44,加拿大,13,三个男主都很高光，邓为颜值ok但演技有限，表哥中规中矩，檀健次反而意外惊喜，颜值演技又很在线。杨紫演技ok但是颜真的get不到而且法令纹太深了双颊过嘭了，气场也不够。不得不感叹，现在的演员都没气场的，只能美丽帅气扮可爱了，需要镇场子的时候都弱的不行。
20,Tracy_morning,3,2023/8/26 11:49,重庆,47,上头，据说20集之后就不好看了
20,Anl,5,2023/10/10 18:41,浙江,18,一天16集的速度，精彩
20,沐子荒,4,2023/8/20 13:53,湖南,47,不单单讲爱琴，其实也在讲亲情讲友情讲取舍，我们这一生除了爱情，还有很多的事情不能舍，不是枷锁，也可以是勇气
20,以彼之道,2,2023/8/12 11:04,上海,6,因为邓为杨紫期待剧，剧播前补了原著，喜欢涂山璟人设，站定夭璟cp不变心，电视剧基本还原原著，演员也没让人失望，杨紫依旧发挥很好，邓为令人惊喜。24/2/9，5星改1星，因为杨紫采访对涂山璟片面解读而失望，怀疑她是否真的理解夭璟的爱情，那么喜欢端水以后就别接古偶谢谢，我看古偶就是来嗑纸片人一对一美好爱情的，不想了解主演的人生爱情观，更不想看主演当端水大师。女主粉老是骂邓为也是烦。另外就是送歪pg官方的，那么喜欢炒cp，第二季多炒，结局改四人手拉手（放过璟）一起过日子吧，戏里涂山璟不配，戏外邓为不配
20,Avada Kedavra,4,2024/4/14 14:34,四川,2,一女对四男，爱看！
20,豆友242637258,4,2023/8/24 18:27,江苏,1,喜欢看，追得蛮满意的
20,M_wayne,4,2023/8/21 16:10,安徽,245,长相思为相柳大人而来！！！！
20,森林,3,2023/8/19 16:30,四川,5,小说不好看，权谋儿戏一味狗血独相柳很好。剧基本还原，檀健次的相柳防风邶超出预期，三星全给檀健次，檀健次之外的戏份全部倍速。清水镇好看，后面就难看了。///杨紫演戏真灵啊，可看。/夭柳磕死我啦！相柳又俊美演技又好。乖巧的十七也很好，我两个都要！张晚意演技意外的get不到，瞎眼喜剧人可以，和女主相认、和女主当街被刺杀那两场简直以一己之力拉垮整场戏，他木呆的眼睛和微笑唇让人好难受（但我其实对演员本人挺好感的）。后面又好些了。/越来越不喜欢璟了，一边拿未婚妻膈应人一边满嘴的甜言蜜语，越发显得那甜言蜜语好腻好苍白。/天哪夭璟偷情感太重了嗑不动了，反而不配上桌的丰隆都显得清爽可爱。防风邶相柳一如既往稳定输出，一到他就一倍速。
20,禾雅,4,2024/1/16 15:33,云南,3,2?的故事，2?的演员
20,Hello It's me,4,2023/10/9 12:01,四川,19,不知为什么，看杨紫的戏就真的入戏，感同身受了！
20,放飞自我,3,2023/9/27 19:38,浙江,15,真的很喜欢相柳对女主的隐忍克制的爱意，她给过他机会，但凡相柳愿意舍下一切，就能陪着女主浪迹天涯，所以从这里就可以看出，女主也是爱相柳的，但是相柳与她之间的距离太过遥远，他背负了太多本不应该由他承担的，女主曾说害怕女孩子害怕相柳走进她的梦，便是间接地说明她是对相柳有爱意的，但是她也知道相柳是不会抛下一切跟她走的，而涂山璟并没有背负如此多的责任，并且他是能一直陪伴在她身边的，所以对小夭来说涂山璟便是最合适他的那个选择，而苍玄小时候的志向便是做天下君王，所以他与女主的感情从头就已经说明了，他们两个之间不会超过亲情之间的感情，因为君王的爱不会独属于个人，而是天下苍生。
20,包菜丝全自动,3,2024/1/7 23:04,山西,0,喜欢狐狸（瓜：你就喜欢爱撒娇能让你心软的男人
20,阳阳阳,4,2023/8/12 19:37,山东,249,好看是好看，剧情不无聊，杨紫演技也有保证，但是这个更新方式是怎么回事，非会员每天至少给更新一集吧，和会员的更新相差太大了，会员都能看30集了，非会员才只能看一半，这几个主演还不至于让我为了他们充个会员，所以扣一星吧
20,三七,4,2023/9/12 15:17,天津,3,当时实时追的但是其实没有太多感想感觉剧情soso偶像剧很少看因为檀健次看的相柳角色塑造得很好演技细腻自然是他的特点服化道还阔以导演很适合拍细腻的感情向剧情可能这就是女导演的优势吧
20,又熬了一个通宵,4,2023/7/24 20:31,陕西,1208,小六插科打诨，相柳嗜血沉稳，腹黑毒蛇x天真小话痨的设定好好嗑?
20,豆友yAcikXHzEw,3,2023/7/25 0:40,广东,0,我真的狠狠被触动了，不靠别人只靠自己，女主说出这句话的时候真的很心酸。说真的我当时很想给他们每个人一个大嘴巴子。打我女主（气气气）我现在比较欣赏的是这部剧每个人角色的人设都是立住的，后期不崩我就感谢大恩大德了。额，怎么那么多黑啊，看剧了吗？就四男追一女(*′???`*)。看到二十集有点心累了，你爱我，我爱你，你虐我，我虐你。除了情情爱爱好像没有太多吸引我的点了有个网友点醒了我，到现在看不下去了原来是因为这部剧没有深度，天天就是cpf吵架，拉踩。前期我看到的立意好像荡然无存等大结局再一起看吧……剧情一般就是一般，捂我嘴，也是一般。粉丝捂嘴再扣一星
20,Kesseler,3,2023/9/3 11:04,湖北,14,玱玹先给我出局吧你【后面看不下去了中途弃
20,咕噜米,5,2023/9/30 9:27,湖北,28,不仅非常还原小说，更是超越文字魅力的将人物和故事展现给了观众，看剧时感受到的是远胜于看小说时的痛与乐，选角完美，演的更是大于期待值的好，永远喜欢涂山璟
20,octopuso0O,3,2023/12/28 19:31,山东,1,emmm还行，女主不是苦情女，却比苦情剧女主更惨，也太苦了，观众的乳腺也是乳腺，听说有梅林虐杀赶紧跑了，我不找这个气受张晚意好看三星半
20,胖头猫,4,2024/2/29 23:01,北京,6,官配真的嗑不动啊...我只站夭柳！！
21,猫头鹰森林,未知,2024/2/9 23:56,安徽,0,三对都很好磕……
21,修行中的卵子,4,2024/1/6 23:03,浙江,3,补完了张晚意非常爽
21,釉色,5,2023/8/10 3:34,广东,2189,紫啊，香蜜之后终于等到一部你演的好看的古装了，《长相思》全体演员演技在线，剧情、服道化、音乐、运镜打光都是诚意十足的佳作！就是紫真的不能胖，古装要极瘦。
21,猛犸姑娘,4,2023/8/15 11:54,湖北,325,清水镇前后人设连续性断了，权谋幼稚，导致后半部分除了高甜时刻都一般般。但还是看得下去的，尤其各个主演都挺不错。第二季应该还是会看。
21,Audrey Z,4,2024/2/12 20:08,上海,3,虽说阿紫一直都是一个腔调去演戏，但是一点也不尬。而且帅哥很多，没事看看也是有趣的紧。这剧有点很真实，那就是位置越上的人越没有恋爱脑，人人都是利益为先。小夭求的一心人确实奢侈了，但编剧给力，安排了一个完美的叶17。加一星。唉，这结尾也挺让人伤心了
21,水逆退散,4,2023/10/2 12:42,浙江,6,冲整体选角多给一星，希望偶像剧就要有偶像剧的亚子，不管怎么样都给拾掇个人样出来。剧情全靠嘴说，没啥特别的丰满感，出了小镇以后的剧情没有那么好看了。
21,妈妈是笨蛋美人,2,2024/2/16 22:46,江苏,11,没想到张晚意演技不错啊
21,闹钟一响我就起,4,2023/7/24 21:14,重庆,1222,邓为这张脸绝对是女娲开了后门给捏的，穿着粗布衣服还那么好看，难怪洗干净一出场惊呆回春堂一家人
21,吉白,3,2024/2/25 21:51,上海,3,演员比导演努力。镜头不太讲究，建议和隔壁星汉灿烂的导演交换一下，这里的演员比较值得。
21,米。,4,2023/8/25 12:21,美国,9,好看演员演的都很好剧本还需要再打磨打磨
21,福尔摩青,3,2023/10/17 0:45,北京,7,不是，涂山璟不都快死了吗，小夭为啥不赶紧去找涂山璟，她还有时间因为相柳不见她趴在贝壳里哭？她对相柳的感情好迷啊，这要是男女对调，能忍？
21,笨鱼的猫,3,2023/9/29 9:37,上海,4,我不知道我为啥还是追了好多集，相柳吧，也不是，可能当时没啥好看的剧，这边大制作最起码还能看，莲花楼，异人之下，超异能族一出来，就没有看的欲望了
21,苏吟.,4,2023/9/26 3:53,河北,8,终于熬夜追完第一季，最后来个升华。最喜欢小夭玱玹，和相柳，他们的爱是隐忍的，深沉的，可以拿得出手的，涂山璟虽无辜但不可怜。演员演技都好好，特效、背景、音乐也好，唯一水下场景略假
21,丹人旁,3,2023/8/28 16:23,上海,49,一颗老鼠屎坏一锅粥
21,阿七,1,2023/8/2 12:28,广西,6,过程很美丽就可以
21,扶殳,5,2024/1/22 8:48,甘肃,11,虽然本来不喜欢这种类型吧，看下去居然被檀健次圈粉了当年mic还真是宝藏?
21,komo,4,2024/1/17 8:50,天津,2,梗很……编剧功力好，这类故事可以和步步惊心做对比。虽引入了夺嫡线，但整体简化弱化，功能性地充当叙事推动力，因事业线，主角们不断从A城奔赴B城，再到C城——仔细一看，原来主角们只是换了个地方谈恋爱
21,PiuPiu MoMoWu,3,2023/9/9 23:14,北京,7,在古偶里面算用脑用心的作品了
21,酸枣子,2,2024/4/21 12:42,山东,8,主演们的演技被两个小朋友完爆。
21,一颗加仑-,4,2023/8/24 12:35,浙江,53,“这世间的伤害不仅仅是以恶之名，很多伤害是以爱之名。”都在说涂山璟优柔寡断不够狠，但是小夭就是爱他内心善良柔软啊。
22,墨寁,4,2023/8/29 14:25,广东,0,前半部分在清水镇好看，后半部分当王姬了越来越无聊了，璟真是磨叽（我已经重温了无数遍啊啊啊啊，什么时候出第二季）
22,南帝?,未知,2024/1/26 18:36,四川,1,导演拉垮，编剧也不行，只有演员还能稍微顶一顶
22,初美,4,2023/9/25 0:46,上海,32,因为相柳入坑檀健次！发现宝藏男孩
22,Aurora,5,2024/1/20 19:45,上海,11,忘记打分，补个评分，现在在期待第二季中，涂山璟深情而专一，邓为的表演细腻知性，他就是涂山璟，涂山璟只是他自己，他不是其他符号式的脸谱化男二，被邓为圈粉了完全
22,青煦,3,2024/4/23 20:30,湖南,3,檀健次，好帅啊，让我对三次元白毛改观
22,天天,4,2023/8/7 21:18,广东,192,电视剧版乙游
22,扎扎扎,1,2024/3/1 0:31,河南,9,难看
22,飞船安吉拉,5,2023/8/23 5:15,北京,191,这杨紫对得起自己的名字，越来越上头
22,快乐的麻瓜,4,2023/12/30 23:01,四川,4,和老妈看完了，得有十年没看这类剧了，还可以。
22,Cherry.兔,3,2023/9/19 12:58,广西,49,不知道为何这种一女三男的场景把它看下去了，张演技真挺好，檀有点出乎意料的好，邓不行。杨紫真的很厉害，哭戏一绝。不过剧的某些部分有些稀烂，比如说张的权谋戏份基本上没有特别去拍，所有都靠嘴讲，青丘公子怎么去管理自己的生意也没有，看看后面想怎么发展剧情……
22,Leave,4,2023/10/5 10:03,北京,35,爱的不同方式，在几个男人里面展现了如此大的差异化。相柳着实美强惨，深爱又隐忍，太心疼了。
22,念一露,3,2024/1/11 15:05,四川,0,两个男配深得我心
22,豆友533178414,3,2024/5/3 2:27,江苏,0,大场面很拉胯但是对手戏不错演员演技不错檀健次有好几个镜头演的很好但是那个挖心头血给我笑死了哈哈哈哈哈我
22,BisI,4,2024/2/18 6:05,广东,0,官配党yyds其实这编剧挺会的就一开始我接受不了的她慢慢铺垫剧情然后慢慢地我就可以接受了我看之前我不知道女主最后会和谁在一起谁是官配然后刚开始狐狸我觉得太弱了接受不了后来他的忠心我觉得可以了相柳刚开始真的太凶了家暴男后来从他要中蛊开始真有点心疼他了苍玄一开始设定是哥哥我就真的当兄妹情只能是哥哥后来哥哥一步步疯批的操作我又觉得可以了看剧时我以为官配会是哥哥因为他是男主一般不都和男主在一起的嘛然后我看有的剧情就像给男女主铺垫感情比如明明是去见狐狸回来却和哥哥说为了给他带傀儡还有去见狐狸是为了哥哥因为哥哥需要狐狸的帮助还好官配不是哥哥我看到后面他俩分手我以为会是哥哥我都要弃剧了还好后来刷字母站说官配是狐狸官配yyds
22,想飞的米米,4,2023/8/16 23:36,江西,21,分两季！调胃口！一季结束时竟然是丰隆，正如紫霞仙子说猜对了过程但没中结局，婚退了一季都没退成，瑾太柔弱了！还认为他是个狐狸来个反转狠角也成呢！剧内人物想法都太通透了（无谓情爱、只为自己想要、理性），都是神的思维模式吧！get到相柳还是他作为防风邶骑马黑衣高空射箭时，心目中的九头蛇应该更高大一些，担心选角盖过前两位男主吗？导演已经厚待了，每次相柳出场都附带音乐呢
22,沁时,5,2023/10/6 17:52,北京,51,我爱涂山璟！！！
22,尉迟 漠,未知,2024/2/18 5:00,浙江,0,看完了但是当成背景音看的感觉需要二刷
22,青时,5,2023/8/24 13:05,四川,143,我趣啊啊啊啊啊啊啊啊啊啊啊啊啊啊檀健次太帅了啊啊狠狠get到檀健次的颜了，天选相柳！！！
22,Joa,5,2023/9/9 22:16,上海,57,磕疯了！檀健次杀疯了！张晚意后期邓为前期也很绝！叶十七是人间理想，相柳是人间妄想，表哥是深渊中的陪伴和相守，是生命中最重要的人。
22,Ivanka,3,2024/2/17 19:23,北京,0,一个女主海了四五个，看了快30集还没搞清哪个是男主。
23,陳以叁,3,2023/8/22 13:48,四川,46,不管，我就是偏爱狐狸。
23,睿雨,3,2023/10/22 22:16,湖北,13,果然是十年前流行的言情…这摇摆不定，看着真蛋疼啊
23,shenqingiris,4,2023/12/31 5:17,广东,27,只嗑相柳，唯一的意难平。不知道为啥三个里面最无感的就是涂山璟
23,??*,2,2024/1/8 2:44,四川,10,21集弃。小六在成为小夭之后越来越没有了自己。她甚至没想过恢复自己强大的灵力，在一个以灵力为划分强弱标准的世界里。之后看了B站一些姐妹的分析以及大结局解说。这部剧的厌女思想太浓了。要不是各位演员演技在线甚至只想给一星。
23,胡歌我男神呀,5,2023/8/24 15:25,河南,85,好看！
23,千野良奈,4,2023/7/24 20:09,江西,1241,笑着告别，分开始才红了眼眶，小夭和小玹玱之间的情谊也蛮好哭的。
23,?,5,2023/8/16 15:07,广东,615,往哪个方向磕能遇上涂山璟这样的人。
23,gsl,3,2024/1/10 18:07,上海,1,不讨厌这剧，因为从制作上来说真的是精良，演员的表演也很好。但也没法很推崇，因为其实骨子里就是另一部《小时代》，男女主角都是衣食无忧、搞得都是天下大势，谈得都是天崩地裂，专为十几岁的恋爱脑少女准备的。当然，这样没啥不好，偶尔也调剂也需要，但看完没啥可回味的。
23,暮烟,4,2024/1/6 22:20,山东,1,比预期好，早古IP翻车的实在太多了
23,孙孙的豆瓣,5,2024/4/7 17:32,湖北,8,相柳真的好喜欢?啊啊啊啊真的好喜欢相柳！！！
23,弥补记忆丧失,5,2023/9/10 16:53,湖北,47,说实话拍摄剪辑很一般，但是演员真的好棒，而且桐华的作品真的我隔在多年还是会被感动，那种每个人命运里的无奈真的太喜欢。
23,铃兰啊铃兰,3,2023/12/17 14:26,北京,2,又是一部看完标记的。4个帅哥我爱看，难以抉择！不过女主毫无成长线也是醉了。
23,睿哥在此^O^,1,2024/1/10 9:13,广东,3,丑死了
23,wuli阿莹,5,2023/8/6 14:49,辽宁,388,好看！！
23,雪梨,4,2023/8/22 14:26,广西,69,相柳帅到我了相柳防风邶我想你
23,momo,3,2024/1/30 15:14,日本,5,3个男主最喜欢九头蛇形象最丰满，其他两个都挺俗套的，亲梅竹马妹控表哥，狐狸就没有个人人格整个贤妻良母男版。还有，没见过这么口口声声看似有主见实则非常恋爱脑的女主……跟热评一样的感觉，前面清水镇还好，后面真的乏了，好无聊，整天没事干主线就是谈恋爱闹别扭谈恋爱之间反复循环?
23,幽小可,4,2023/7/26 15:09,北京,577,除了第一集交代的有点拖沓，后边还挺好看的，女主演的很好，三个男主也各有特点，画面色调台词都很舒服，继续往后看
23,无事请旁观,4,2024/1/15 13:08,河北,12,相柳你糊涂啊?掺和这档子烂事儿干啥
23,杜皮,4,2024/2/24 21:31,江苏,7,在女主还是玟小六阶段，剧情还是不错的，后面恢复王姬身份后，除了相柳出场的片段其它都完全不想看了。
23,y,3,2023/8/15 20:27,江苏,2,相柳我给十颗星檀健次真是太棒了是我看过的古偶里演技最好的最惊艳的存在太好了妈呀太精彩了绝了眼神太有戏了相柳能遇到这么好的演员真是太幸运了只要他出场就是高光每一帧都极度舒适这年头我竟然还能看到如此仙品啊啊啊啊啊啊啊我疯了檀健次啊请多拍好剧好电影造福观众吧内?竟然还有这么一位优秀的演员我都要哭了在剧版人设被删改的情况下檀健次硬是挣扎出了相柳的风骨
24,___,3,2023/9/26 23:27,北京,20,相柳真的意难平??
24,佳嬷嬷（求职版,4,2024/3/2 1:19,湖南,1,延迟追剧好开心，可以一口气看完第一季，虽然剧本有些瑕疵但是瑕不掩瑜，演技都还不错，看的很投入。喜欢好多剧中角色。最喜欢小狐狸，理解了纣王。期待第二季。我觉得这部剧的插曲没有特别好听的，感情渲染方面差了一点挺可惜的。第二季插曲上给点力呀。
24,沉默书生,3,2023/8/22 13:07,重庆,78,感觉小夭变回身份后没有玟小六那么灵了，相柳很爱，后面主要是通过抖看剧。
24,Noni’s,3,2024/1/10 18:01,湖北,0,大病一场在家和妈妈一起看完了和涂山璟的线真的有点像家庭伦理剧好狗血?
24,十里八乡俊后生,2,2024/4/19 10:23,四川,0,不好看，女主一直在被虐待，遇见的都是渣男。
24,慕容一浪,1,2024/2/23 7:59,刚果民主共和国,8,剧情没有一点打人的
24,烟雨江湖,5,2023/7/28 10:33,,1409,现在的时代，编剧不行，演员演技不行是要凉的。观众已经厌倦了流量剧。嘉行也就没几个演技能拿的出手的，别说热巴演技好，呵呵，杨幂也算了，好好做老板就好了，杨幂公司的感觉都是颜值派，没什么演技派。私以为赵丽颖的演技是可以的，现在冒头的杨紫也不错，小花里面能想得到演技好的恕我想不出来几个。啥李易峰，杨洋这种能不能别凑热闹，最近欢瑞的任嘉伦，秦俊杰演技倒是不错，秦俊杰么颜值太弱了点。邓伦也可以啊，就是驼背了点，90后老阿姨想看部编剧OK，男女主演技OK的剧太难……为啥……有演技的青年演员数不出来……编剧没功底，有功底的还要注水赚钱……希望国产剧的春天能早点到来，近期看到香蜜，凰权，如懿传稍稍有些宽慰，但是还是靠着40岁的老演员在撑演技。青年演员能不能好好练点演技……
24,众乐不如独乐,4,2023/9/17 16:37,江苏,19,小说还原度很高，还可以
24,haytenkm,4,2023/8/19 18:34,江苏,1,“涂山家的狐狸太没用了”，七三转投夭柳、夭玹党！桐华是怎么做到把每个人物都写地这么苦、而每对CP又都好磕的！堂堂大王姬同时要三个男人怎么了？
24,鸥鹭,4,2023/9/2 14:30,广东,67,杨紫真的很难不路转粉事业粉应该不少吧这演技也太炸裂了
24,啊湫余,4,2024/1/20 4:55,加拿大,7,杨紫的颜值不足以说服我有三个男人同时爱她虽然这仨男的也不怎么样看得我难受选哪个都有点下不了手。女主为了帮相柳绑架女二也有点莫名其妙，为什么要用自己的真实身份小六去，她不怕苍玄生气把她收养的那些人给怎么样吗。她对相柳怎么就如此上心了，连后果都不顾了。她和相柳的剧情好多谈心，有点无聊。被男主打断腿也是无语，男主还能真杀了十七吗，为什么不一鼓作气的逃走呢。这样犹豫圣母的性格实在不是我的菜。男二也是懦弱无能，不晓得女主怎会会喜欢他。反而防风意映的性格还挺有趣的，演员也挺好看的。相柳很帅，银发质感很好，服饰也很仙气好看。（看到30集要爱上相柳了，至少真的献出自己帮到了女主，那个自杀的璟你一个人躺着吧，演的是啥啊，看得我尴尬）男主声音有点软，要是更低沉一点就更好了，一些生气的戏份，尾音总是很奇怪。
24,Rogan九宸,3,2023/9/26 0:09,河北,5,难评……可能因为我不喜欢看这种1V3的爱情故事……但是不得不说张晚意演技很不错，总感觉花在古偶上浪费了
24,和尚撞钟,4,2024/4/11 16:20,贵州,0,疯狂打call，第二季什么时候来？幺柳党磕生磕死_@@_
24,张大苹,3,2024/2/3 16:59,黑龙江,2,其实也就是两星，一个古偶片，颜值担当竟然是男人撑起来的。虽然我很喜欢杨紫，但不得不说这舒适圈她待的太久了，我想看她演现代大女主剧。张晚意和檀健次都很惊喜，好评一个。相柳真是太苦了，每一次的真心相待都偷偷摸摸，或者伪装成交换，嘴硬心软，自己吃苦。感觉片的很大问题其实在导演这，很多转折剧情推进都莫名其妙。
24,戒子,1,2023/9/29 9:46,山东,17,剧情真水又臭又长，台词像小学生写的
24,霑叔一声笑,4,2023/10/9 4:35,广西,11,喜欢相柳这款hhh10集以后get到了玱玹，他瞎得好好笑，这下好了，愣是嗑不下官配……体会到了以往古早男二粉的心情……一整个破防…不过我以为的刀子反倒变成了糖，就还可以，爱是克制的良好诠释??
24,摸?中,4,2024/2/27 18:23,重庆,2,确实挺还原小说的，我还是那么喜欢少昊，真是桀骜不羁的一生
24,瓜地小农,3,2024/4/11 21:20,浙江,2,杨紫和檀健次确实不错
24,岸辺露伴,3,2023/9/3 13:22,广西,155,我看长相思不是因为它好看，而是相柳在它手上。
24,1995往昔,5,2023/10/4 21:31,北京,18,爱而不得的帅气男人，总是让人心痛?
25,随风飘散,3,2023/8/26 11:41,浙江,13,这感情戏绕来绕去的头晕
25,顶流懒羊羊,3,2023/10/2 1:19,河南,2,时好时坏，演员最佳
25,竹小息,4,2023/9/6 15:27,北京,20,永远偏爱温柔的人设！！！喜欢夭璟，但我心疼夭玹，夭柳，什么都磕让我营养均衡
25,孟春之月,1,2023/7/28 13:16,安徽,2,她两耳傍肩三孔鼻未曾开言先转腚每一日蹲窝里把蛋来卧老粉嘴多半辈儿以为自己是只鸡那马户不知道他是一头驴那又鸟不知道他是一只鸡勾栏从来扮高雅自古公公好威名马户爱听那又鸟的曲三更的草鸡打鸣当司晨半扇门楣上裱真情它红描翅那个黑画皮绿绣鸡冠金镶蹄可是那从来煤蛋儿生来就黑不管你咋样洗呀那也是个脏东西那马户不知道他是一头驴那又鸟不知道他是一只鸡岂有画堂登猪狗哪来鞋拔作如意
25,CrossoverKing,4,2023/7/28 17:23,河南,715,一颗心被这剧反复拿捏，撒两口糖喂把刀子，关键是这刀子还合情合理，是早就埋下的伏笔，编剧确实有点东西
25,另一个分身的我,4,2023/9/22 17:57,广西,13,感觉还可以，玟小六变成小夭后，变得不那么快乐了，还是当男人随心所欲不被审判啊
25,奶油泡芙,5,2024/2/20 17:09,湖南,1,好看杨紫出品还是精品
25,史妖妖,3,2023/9/4 13:56,陕西,12,果然是不适合，这居然才是第一部……演一半这种确实看的人难受
25,法号天真,2,2024/1/6 19:47,浙江,11,剧情节奏慢，男主的表情和台词有点奇怪，就是很明显能让你感觉到他在演，很出戏。
25,支支吾吾了了,3,2023/10/18 23:46,山东,8,没看完，不喜欢相柳那个角色
25,原来是富婆呀！,5,2024/1/5 16:19,江苏,4,期待第二部
25,王哲z,5,2024/1/3 22:13,湖南,4,巨巨巨好看2023最上头的剧，我妈安利我看的！！太好看啦！！！
25,Kilua迷妹,5,2023/10/1 22:08,湖北,17,我已掉入夭柳深坑，be是种美学，玻璃渣里找糖，很好看
25,初夏,4,2023/10/1 14:16,北京,8,陷入了十七的深情中，不能自拔。
25,flower,4,2023/10/7 13:13,湖南,9,相柳意难平
25,qxygr,3,2024/2/6 13:31,江西,3,我是天下出身最高贵的女子，我经历凄惨，未来的天下至主是我哥哥，他爱我他虐我，天下最有钱的人是我捡到的，他爱我爱的要死，天下武力最强的妖族爱我，他随时可为我舍命，好土，我好爱，再次感叹，有个有演技的女演员真好
25,恺音Kyin,4,2024/1/6 17:19,云南,7,长相思，思相柳
25,说好了不动情,4,2024/1/24 9:05,浙江,6,玱玹到底是近视多少度，十几集才发现小六是他的妹妹，相柳也真是的，九个头没有一张嘴能开口的，没想到柳柳蛇这么早就喜欢上小夭了，总体来说还行吧
25,Jolizz,4,2024/1/21 11:47,上海,15,不喜欢璟，喜欢相柳那隐忍而强大的爱
25,饭思哲,3,2023/10/2 4:50,加拿大,7,磕错cp了，就算不是相柳也该是哥哥啊？现在就是吃了翔的心情
26,smilefish,3,2024/2/4 4:07,泰国,1,结局这……经常连不起来或中断的剧情，我竟然还是连日看完了
26,何袖,5,2023/8/6 14:45,山西,634,刚开始到时候，就想让女主一人舞事业登基，然后allin！！！管他表哥狐狸还是九头妖大将军，全部收入囊中！！！（捂脸行吧这个不现实）追到现在完全对相柳怜爱了，暴风哭泣，檀多多诠释的太细腻了！！！垂直入坑檀健次，考古一个礼拜了还是停不下来，现在到处找各位太太的粮，太太们，饿饿，饭饭。。。
26,大树之后,4,2023/9/23 10:23,贵州,26,三倍速看完，檀健次演技真不错，几位年轻演员演技都挺好，就是剧情有点太老套
26,momo,3,2024/1/14 16:35,湖南,0,剧情我没啥好说的，都2023年了女主的人设居然还是周转于几个强大男人之间的“宝物”。。前面清水镇小六时期好一点，王姬部分就是完全。。。唯一一点好是涂山璟那个人设确实太绝了。
26,爱尔那尼,3,2024/2/4 1:04,江苏,4,三对爱情满足了大多数女孩的感情幻想。官配太磨叽太甜，不太get到；表哥表妹骨科我爱，也是那句“我想和你长相守有错吗？”吸引来看的；柳夭虐恋我爱，虐天虐地虐我大爱。张晚意和檀健次演的好??。看过张晚意几部正剧，没想到古偶扮相挺好看，年轻帝王的感觉拿捏很好。檀健次是第一次看，出乎意料，相柳人设太好了，但他的演技给人设增加好感度爆表。
26,元姀,3,2023/10/8 8:04,加纳,2,我比较磕小夭和表哥之间相依为命的情感，夭璟和夭柳的相处过程中我总控制不住想：这样不平等的亲密关系真能健康存在的吗？其他情节也比较古早小儿科，服化道很漂亮，主演演技及格。
26,江雪一碗酒,3,2023/9/14 9:53,江苏,7,相柳是帅的，但是年纪大了嗑不了一点这种隐忍成全爱在心口难开，学学隔壁17长点嘴吧
26,Momo,1,2023/7/29 18:36,广东,5,很喜欢书所以去瞥了一眼明知不会好看的剧果然：国产男明星个比个的瘦鸡看上去贫血肾虚毫无美感演技烂得自不必说连花瓶都当不了杨紫不适合演小夭国产剧情编写个比个的烂而无聊废话连篇装腔作势快进都看不下去导演运镜美吗？？不美服化道也并不高级都是千篇一律的降智古偶罢了靠着这些中国观众的审美可以继续疯狂倒退毫无下线他们的钱也更好赚啦！只能说：yue透了yue！yue！yue！
26,颜颜,4,2024/4/27 20:31,上海,3,演员演技在线、颜值在线。发现檀健次宝藏男孩一枚，扮相绝美、演技令人动容。期待第二季吧！
26,momo,3,2023/7/31 21:07,河北,0,杨紫yyds，，继香蜜沉沉烬如霜之后第二部好看的仙侠剧?????———后面剧情不如清水镇，有点拖沓，先扣一星，男二角色有点工具人了，特效不太好，三星半吧
26,迷宫,4,2024/3/12 16:35,河南,2,看了几集，这剧作质量惊到我了，剧情是有点古早，bgm也不太好听，但这都是小瑕疵，主要是剧本演技都非常给力啊
26,搁浅还划水,5,2023/9/6 16:26,山东,35,杨紫演技牛逼，太厉害了，认错娘那里看哭我，夭璟太甜啦
26,·京極Kyōko·,3,2024/4/3 2:21,英国,2,剧情真的好癫啊……但檀健次不错
26,就这样怎么着,5,2023/8/26 14:21,甘肃,71,第一部看完去看原著了，总的来说几位演员演的让我很自然的在看书的过程中带入了，整部剧看似谈情说爱，但是最后所有人都在爱情和其他之间选择了放弃爱情，所以这整部剧立意很高
26,?,2,2023/8/11 19:42,贵州,642,厕品导演编剧宣发创作出来的厕品工业糖精恋综情景剧。一星给清水镇一星给玟小六等少数几个演员，已经是宽容的给法了。
26,林羡,5,2023/9/27 19:35,辽宁,7,要看第二部快点开始吧
26,WJy7,3,2023/9/10 12:29,山东,15,第一次get到邓为的帅！！！这样的忠心帅气有才华又多金的小奶狗谁不喜欢呢！但是，他说的很多话太像画大饼了，要我我也会生气！人生在世，别被太多东西束缚，不然会伤害自己，更会伤害你爱的人。
26,汤圆圆,3,2023/9/15 20:05,广东,0,因这部戏成为了多多的粉丝。看完书之后觉得，另外一个适合相柳的演员是汪铎，蛇系脸，身形高大，眼神冷漠，更有神魔不可方物的冷血疏离感。多多本质是个甜哥，和小夭的互动偶尔有人夫感，就是汪铎的演技估计没有多多自然且有细节。
26,比干,5,2023/7/29 13:38,浙江,2425,我求求了相柳能不能是男主
26,趣多多姑娘°,4,2023/9/10 9:03,江苏,17,这个结局我喜欢，喜欢张晚意。
27,月牙SoulMoon,5,2023/10/1 20:33,广西,10,邓为-涂山璟，让理想的爱人的形象在外在和内在均得以具化。他经历了巨大的灾难，但仍然对世界报之以歌，有顶尖的谋略，却不参与权势的争夺，高贵而谦卑，慈悲而智慧，乃人间妄想也。虽这个世界破破烂烂，但这样完美的形象，永存于向往真爱的每个人内心那个美好的角落里。
27,like Journey,4,2023/8/29 14:35,安哥拉,81,四星都给戏份不多但逢出场即是高光的相柳，赞檀健次的演技和原声台词，眼波流转的各种眼神戏真的太精彩了~唱的两首ost也很好听，此外，外形和服道化跟原著中角色的契合度也很高，感谢演员本人和团队的用心，演活了我心中的相柳
27,乐乐小乐,4,2023/9/17 14:29,上海,18,期待一下第二季吧～
27,siddhar,3,2023/10/13 21:11,上海,21,看了一半弃剧。古偶没少看，第一次被官配的感情戏膈应到……除了这点啥都好，但是这一点太要命了。3分给除此以外的其他。
27,爱做白日梦的七,2,2024/4/18 15:06,浙江,0,说一下为什么只打2星，毕竟它豆瓣7.8了。按理说她应该是大女主剧，但是杨紫的外貌不行，剧情也更加配不上什么大女主，女主压根撑不起来，然后元素很多，但是剧情稀碎，一个元素也没讲好。杨紫的演技是OK的，但是颜值真的一般，我希望下次有别的大美女演这种剧情，然后这部剧男主们的颜值可以。
27,板烧番茄鱼,3,2024/2/16 20:09,广东,1,看了半天没有什么映像深的桥段，古偶只剩下靠感情反复推拉拽扩充剧情了
27,蜗牛淇水汤汤,5,2023/8/7 16:03,重庆,355,啊啊啊！！！嗑到了，咋那么好看啊！女主加三个男主我都喜欢～
27,西原,4,2023/8/27 15:37,陕西,28,我真的是好爱涂山璟。要有多么强大才能在经历一切后还拥有一颗柔软的包容一切的心。如果要用很短的话概括他，我觉得是“心软的神”，涂山璟的身上真的是有神性的。看到有人说“小夭从来没有见过真正的涂山璟”，私以为然。那个信手拂弦便能风流冠绝天下，随口调侃“静夜幽兰香”，手谈一局引得老西炎王感叹“幸好你志不在此”的，风姿卓绝的青丘公子，在与小夭相遇前就被涂山篌打碎了。很多人说，看不到璟的主线，作为一个涂山璟毒唯，我觉得在看的是他被打碎后重新黏合的过程。在这个过程里，爱情帮助他重建。这可能也是很多人觉得他太弱的原因，因为以往的言情剧，更多依靠爱情重建自我的是女主。涂山璟太美好了，他是神性、动物性（雄竞）、人性（甚至男性与女性统一）的和谐。有人说涂山璟是桐华写给女孩子一封情书，。他怎么不是呢？！
27,驼背小老太太,2,2024/3/26 21:49,北京,4,妈呀，没看过小说啥的，这没拍完啊，白看
27,最好,3,2023/9/30 5:36,浙江,3,还行吧，就是我觉得好几个人台词有点尴尬看到19集看不下去了，看得好累，没有吸引我看下去的地方，而且女配人设感觉好扁平化啊，阿念馨悦都是那种出身高贵就看不起人任性的性格，而且也没个人教他们这样做是不对的……防风目前看着也是为了爱情的女反派性格也不好，就是那种浓浓的跟女主对面的都不是啥好人的感觉……不想看了，特效看着好像还行
27,态度端正要努力,5,2023/8/22 21:11,浙江,135,没有办法不给五分毕竟那是相柳啊?
27,寻水的鱼,4,2023/12/25 23:44,北京,3,看了十多集了，我还是没有明白小夭的人设，怕寂寞？被伤害不敢爱？过于坚强依靠自己？没看清楚，总之就是编剧给安排了F4。邓为饰演的涂山璟很帅，天真又儒雅的帅气，很合我心，那双手，尤其好看。看完才发现，这才是第一季呀，好戏还在后面呢。玱玹、璟、相柳、丰隆，小夭好幸运。解锁长相思F4，太帅！
27,阳光正好,4,2024/3/4 9:15,河南,0,卡司很强大，图山璟太好了
27,爱哦,3,2023/9/11 8:47,北京,20,一晚上看完了，后面快进，没人不喜欢相柳吧
27,momo,4,2023/7/25 2:31,吉林,1,前半段比后半段好看，cp磕的我上火，为啥不能五个人和和美美生活在一起
27,Yucatan归来了,3,2024/4/8 20:49,山东,1,好传统的内核啊
27,Savi,5,2024/4/26 22:40,新疆,3,质疑纣王理解纣王成为纣王
27,男性向恋爱番亖,1,2023/7/26 11:18,广西,4,质子咋还能带着公主到处游山玩水？女主反驳说书的话，不分明还有记忆吗？忘记了自己是谁，可是又知道那些事，她不去查清楚吗？不分男女，只分公母的话，女主在别人眼里不还得算公的。强制加入的工业糖精很明显，比如喂药为什么不能一个人扶着，一个人喂，因为女主一个人背后搂着，亲密度更多，甜度更高。为什么就一个硬收来的手下毒师，就值得相柳和她一起坐在鸟上谈心，还是因为她是女主。特效真的很拉，不管是冰钉，还是刀刃抵在脖子上的画面都很好笑。我还以为是质子要假意巴结公主才好过，结果是什么找不到小夭就加倍补偿给二公主的戏码，真是?而且为什么直接就能把老鸨抬价的事和相柳联系上阿？女主又在发癫了，这都原谅相柳，还对剖心谈话，然后腿又断了。心甘情愿被虐就不算虐女了吗？你们清水镇到底卧虎藏龙在哪里？
27,梦想高飞,5,2023/8/26 11:21,黑龙江,39,5星必须5星等不及看第二部了！坚定的人太迷人了！
27,starry starry,1,2024/2/6 11:37,广东,7,这剧分成两季播是给机会让我看清这剧的实质，一星不谢。//8.10被导演创飞，前半篇最高潮的一场戏拍成了笑料，还能给好评完全是因为夭璟木樨园热恋还行。//剧第一天上线看完我还能激情输出评价，跟着剧情渐渐深入我的反射弧终于让我想起去年我多爱小夭涂山璟这对小情侣，今晚看到鱼丹紫这集我已疯，啥也不想说了，夭璟她们超爱，我超爱夭璟！
28,今天辞职了吗,5,2024/3/26 20:25,北京,2,相柳的部分我投到大屏原速仔细观看，涂山璟部分在手机上三倍速，苍玄部分根据剧情而定，其它部分五倍速。虽然相柳这条线绝对be，但是还是站相柳！而且檀健次古装居然这么帅！不过杨紫和桐华，老搞这种大家都爱我但大家都虐我的故事。(陷进去了，又原速看了一遍，改成五星了，不仅相柳虐，苍玄那条线也大虐啊）
28,难得改次名,1,2023/7/25 17:36,上海,8,因为长相思是鹅的s+，所以我非常期待这部剧，结果越看越失望。为什么会有这么多人喜欢一个没有独立人格的“大女主”？为什么在女性能打仗的年代给女主女扮男装的设定？对几位男性角色的塑造明明出彩得多，却又让他们对女主不好，又让女主原谅他们，是为了满足编剧的虐女癖吗？imdb2.9才是它该得的分。
28,老谭,5,2023/9/10 12:27,四川,35,题材新颖，剧情给力。。。这才是像谈恋爱的样子，而不是哭哭啼啼咦咦哦哦拖拖拉拉。。。期待第二季，8.8分。。。
28,夏野,5,2023/9/27 21:57,山东,10,非常非常喜欢桐华的三海经系列小说，这部剧也很贴，看得泪盈于睫！很不喜欢非得把人名和国名都改得面目全非！蚩尤，轩辕族，颛顼，高辛少昊，祝融，共工……这些名字在这部小说里闪闪发光，难道说连创作神话小说的自由也没有了？可悲！
28,万草见星火,1,2023/8/18 20:35,浙江,4,夭璟就是命中注定的小情侣?→早就想因为桐华打一星了，现在没CP滤镜了再见?
28,烧火车,4,2023/10/1 1:08,浙江,21,话不多说，极品相柳！
28,芝士,3,2024/2/2 17:59,辽宁,1,相柳又美又惨又帅，杨紫演技不错。没想到故事不是以爱情为主线，而是以轩终于登位作为结束。
28,豌豆颠儿,5,2024/1/22 0:28,四川,15,我为夭柳举大旗！！
28,萌幼幼,2,2023/9/11 9:03,北京,40,唧唧歪歪，除了相柳就没有一个痛快人…
28,脸上写了蹭饭,3,2023/7/24 22:23,澳大利亚,0,本来只想随便审判一下，结果一口气4集，好好看啊！！！邓为好帅啊！！！而且大家都演技在线，真S+。改一下分，越到后面越拉垮，什么古早剧情，下药怀孕？？？不能好好搞事业吗
28,打打嘻嘻?,3,2024/1/31 23:04,广东,0,没有奇怪的滤镜和乱七八糟的镜头，我觉得评分会上去
28,腸胃好痛,4,2023/7/24 21:42,上海,795,请檀健次把面具焊脸上，我直接舔屏看一万遍
28,jshdnxusjnskdj,3,2023/10/4 22:17,河南,2,跟着老妈断断续续看了
28,查小叉,5,2024/1/7 2:09,广东,9,从头到尾都站相柳。节奏很好，有好几场都让我哭得不行；相柳的造型太仙太美了，他的故事叫人心里沉甸甸的，很心痛，桐华大大给他个人OST配的词真好呀，充满个人色彩；张晚意的演绎很出色，帝王之路的孤独、身不由己和自己微末的坚持都表现得很好。
28,,1,2024/4/22 1:08,四川,0,檀健次还比较出彩但是女主真的算得上绝色美女吗…请不要执着在演这类角色了…类外女主女扮男装的时候那个体态那个屁股那个大腿天..不忍直视
28,宅小八,3,2023/8/27 15:41,湖南,145,女主化成女身之后就变不好看了，女主也成了恋爱脑。坚持到23集开始想跑路，但靠那点都快被删改没了的夭柳糖和檀紫的演技撑着，靠相柳的美颜撑着，还是看完这部剧了。紫晚檀的演技很好，漂亮的场景和妆造值得，一些名场面也让人印象深刻，但整体剧情真的太一般了，拍出来也好平。官配线厕品，要不是我后面把官配线都跳了，我评分可能给得更低。还有，修罗场喜闻乐见，但太多刻意制造的修罗场打咩。最后，给女主的热知识：女人离开男人也能活，有人相依并不是指非要找个老公不可！
28,七七,4,2023/7/28 11:08,云南,337,去年喜欢东方青苍，今年我喜欢叶十七！飞升吧小茶狐叶十七！
28,如若,5,2024/1/3 22:11,云南,11,抵挡不了相柳的魅力，哎！！
28,佳音,5,2023/8/9 13:57,北京,440,长相思在演一种很新的全员发疯，任何一个人拿出来都有着相当炸裂的疯批属性，很6
28,Blank空白帧,3,2023/8/28 16:29,湖南,23,张晚意真不错
29,孤芳不自赏,3,2023/10/19 20:29,山西,5,还行，不过后面略显啰嗦，为什么感觉越看越没劲呢？张晚意和檀健次演得不错，但是，这里面四个男的我统统都无感。女主一个人挺好的。
29,赫焉的雏菊,5,2024/1/7 21:59,山西,9,我的相柳不能死！！不过依然坚持小夭和相柳是双向奔赴的，只不过小夭太怕被人抛弃，而相柳又放不下洪江，所以他们都知道他们不可能。至于涂山璟，或许小夭对他有几分感情，但更多的是权衡利弊后的选择，毕竟涂山璟真的可以为她放弃所有。
29,C安,2,2024/2/10 20:47,黑龙江,2,补……饲养员挺爱看的，跟着看了
29,Emone,5,2023/12/23 17:12,浙江,17,杨紫
29,momo,1,2023/12/11 22:03,江苏,17,无语了，她怎么想不开非要演这种美女人设呢
29,YoYo,1,2023/7/25 11:16,广东,4,脸奇怪，特效尴尬，演技为0。看不进去，没有什么感情，女主感情很明显装出来的，整体都挺假的。现在古装女频剧中心思想倒退这么严重吗？！
29,Lostconnection,3,2023/9/18 19:13,浙江,8,全是情感情感情感，现在观众的眼光都越来越高了，光靠情感撑起来的剧是没有内核的
29,sunshine,5,2023/10/1 20:29,新疆,13,选角，演技在线，翻拍的很棒，最喜欢的是相柳。
29,Ahe,未知,2024/4/14 12:35,山西,0,看不动虐剧
29,无处吐槽的Ceci,5,2023/9/6 23:02,北京,24,强行安排神仙为了女神仙死简直尴尬到不行，骗人玩呢。好在神仙也食言了，这就升华了。
29,D小箱,5,2023/8/16 23:42,广东,73,想看第二季?
29,坏白白,4,2023/10/15 23:36,上海,10,人物大于剧情，期待第二季
29,vyjmgdsxthb,5,2024/1/28 17:20,山东,4,全员飙戏看的很过瘾，39集不长不短把故事讲的细致又不枯燥，在qr强烈推荐下三天看完，确实是质量上乘的仙侠剧，让人思考爱情的本质到底是什么。
29,气泡里的猪,5,2023/8/8 4:20,云南,393,神剧，时时高能处处高能，毫无尿点。只要你磕all夭，就能体会到麻辣火锅吃爽了来口红丝绒蛋糕，再撸十几根串后狂喝一大口冰可乐的循环刺激。
29,怂K,5,2024/3/14 1:24,广东,4,相柳值得！
29,whisper,4,2023/10/12 13:01,陕西,17,喜欢张晚意！
29,婷婷,4,2023/9/26 13:32,广东,0,期待第二部
29,Enkaka,2,2023/9/13 17:04,广东,33,相柳才让大荒还有点可看之处。其实都演的挺好都尽力，可惜编剧在迷失。
29,绎游,4,2024/4/8 13:58,辽宁,7,无事时用来打发碎片时间的，不知不觉看完了。get到了檀健次的相柳，把这样一个人物演出了层次演出了很多复杂的感情，很不错。演技最拉的就是邓为，我的个天，真的是感觉不到一点和女主的CP感，哭起来跟笑一样，就一个表情演完全剧。。长相思，女主的最爱是相柳。最重要的人是表哥，最适合的人是涂山璟，因为女主是永远走不出小时候被抛弃梦魇的PTSD患者，只有涂山璟能做到主观上永远追随（客观上也难），但这三个男主个个都有缺点，我想说作为最尊贵的公主了就不能挑点好的男人嘛？！
29,喜多,4,2023/10/12 21:32,重庆,10,能让我一口气看完，就是对他最大的认可
30,一墨剪瞳,5,2023/12/31 20:04,浙江,3,第一季结束的很完美。第一次看到一部剧可以把N男感情线处理的这么完美，精彩，不违和，有理有据，有逻辑。前半部分小六阶段其实有点碎，感觉有点悲情…后面还不错。女主没有灵力就感觉存在感弱了几分。
30,发发宇宙,4,2023/9/29 22:32,北京,4,剧情有点扯，年纪大了，看里面的权斗、爱情就像看小朋友过家家。不过演员们的颜值真的很高，看着养眼
30,林别卓,4,2024/3/16 5:06,辽宁,4,太有毒了简直！我特么都要重新长出恋爱脑了！要狗命啊！第二季到底什么时候播啊！抓狂。。。能不能给我一个女主走向女帝宝座斩杀心机表哥、囊踹男友和暴力倾向暗恋狂的剧情，把这三个狗男人通通给我杀了！
30,微微爱,5,2023/9/9 22:34,辽宁,29,今天一口气追了二十集、还不错、上次看得这么过瘾的还是星汉灿烂了
30,嗷唔,3,2023/8/8 0:58,山东,77,听说美术不错才去看的。。乙游实体化
30,灰塵吹口哨,未知,2024/2/29 23:40,河北,2,好喜欢涂山/很好，发现璟除了纯爱竟然没有别的优势了，明显相柳和小夭是更独特的感情。。。虽然说爱情有不同的样子……但相柳和小夭一定是更刻骨铭心那一种…
30,七月,5,2023/8/4 18:01,四川,666,邓为和杨紫演技好好！太好看了！！！
30,野花er,5,2024/1/9 7:23,美国,4,最爱小狐狸，女主也很清醒。
30,方小薇,4,2024/1/22 23:33,广西,4,四颗星都给相柳都救不回你的命噢
30,comy,3,2023/8/27 11:05,,11,关于女主只想谈恋爱但是全世界喜欢她的男人那么多却都只想干事业这些事
30,进击的抱枕,3,2024/4/17 22:35,上海,3,我要晚意配咖啡，一杯再一杯！这是什么结尾？玱玹登基，这就结束了？愣住台词太现代了，没什么底蕴，完全靠着紫妹张晚意檀健次的演技撑起来的电视剧
30,溺水小蛙,4,2024/1/17 1:22,黑龙江,20,他终究入了你的梦，住进了你的心里。
30,猪有福,4,2023/7/25 11:28,北京,1509,1.杨紫的演技一如既往稳当，4星她值得。2.长相思的美术，打光、场景可谓是完爆莲花楼，长相思的打光和布景以及绿幕后期抠图，都要比莲花真实细腻，细节处理更好。其实按道理来讲，莲花武侠本应更真实，相思神话剧玄幻更应虚幻飘渺，但是莲花有点翻车。四星给美术和特效。这么好的场景美术，营销应该给力一点。学学当时的苍兰诀。
30,树洞那口气,4,2023/10/2 10:37,上海,14,延迟看剧，最近放假有空才刷它，必须说虽然yz的脸天天变演技还是在的，她如果不那么容貌焦虑大概更好。四个男的有些装，对比下来终于理解为什么相柳那么多支持者了，也就他演技过关吧。
30,Mr.Bian,4,2023/7/24 20:29,河南,1178,奉行明哲保身，也愿意为了凑钱去山上采药，孤身一人的玟小六看似冷淡，内里还是怀揣热血的小夭，好喜欢小六
30,momo,5,2023/9/27 15:15,湖南,3,好看的，被男女主演技折服，张晚意杨紫太会演了，有演技的古偶真的不一样，而且剧情也很不错，女主人设官配人设我都很喜欢，好嗑
30,judy5177,3,2024/1/23 23:20,上海,5,杨紫的演技还是一如既往地稳定发挥；邓为的人设好但是接不住杨紫的戏，整一个没感情，偶像包袱重；檀健次意外演得不错，角色虽然内敛但各种情绪都被发挥出来了；张晚意也是如此。结局太降智了，咱虽然不是权谋剧，但也不能如此儿戏，修葺个宫殿说两句好话就给王位，我要是五王立刻发动兵变，一个都别想活着出辰荣山。
30,啊哈,未知,2024/3/23 22:22,河南,0,一口气
30,下不成雨,4,2023/7/24 21:41,上海,901,刚看完3集，整体观感不错，全员演技在线。比较遗憾的是为了交代清楚夭玄的羁绊采用了正序的方式来展开叙事，可能会减少后期小夭通过狐狸尾巴认出苍炫的悬念和感动。但作为原著粉还是认可的，还原度很高，剧情线饱满，第一集节奏有点拖沓，但是渐入佳境，已经买了会员，我会继续看的。希望不负期待
30,大雁,5,2023/8/22 13:45,北京,84,小夭开后宫吧，怎么办，每一个都喜欢
